INFO:     Will watch for changes in these directories: ['D:\\AITHUCCHIEN\\11236199-LeDangTan-Happynest-Thesis\\backend']
INFO:     Uvicorn running on http://127.0.0.1:8000 (Press CTRL+C to quit)
INFO:     Started reloader process [42464] using StatReload
INFO:     Started server process [43432]
INFO:     Waiting for application startup.
2026-08-30 00:19:43,464 INFO     presidio-analyzer Loaded recognizer: EmailRecognizer
2026-08-30 00:19:43,464 INFO     presidio-analyzer Loaded recognizer: UrlRecognizer
2026-08-30 00:19:43,465 INFO     presidio-analyzer Loaded recognizer: IpRecognizer
2026-08-30 00:19:43,465 INFO     presidio-analyzer Loaded recognizer: VN Email Recognizer
2026-08-30 00:19:43,466 INFO     presidio-analyzer Loaded recognizer: VN Phone Recognizer
2026-08-30 00:19:43,466 INFO     presidio-analyzer Loaded recognizer: VN CCCD Recognizer
2026-08-30 00:19:43 INFO: Checking for updates to resources.json in case models have been updated.  Note: this behavior can be turned off with download_method=None or download_method=DownloadMethod.REUSE_RESOURCES
2026-08-30 00:19:43,562 INFO     stanza Checking for updates to resources.json in case models have been updated.  Note: this behavior can be turned off with download_method=None or download_method=DownloadMethod.REUSE_RESOURCES
Downloading https://raw.githubusercontent.com/stanfordnlp/stanza-resources/main/resources_1.14.0.json:   0%|          | 0.00/56.4k [00:00<?, ?B/s]Downloading https://raw.githubusercontent.com/stanfordnlp/stanza-resources/main/resources_1.14.0.json: 131kB [00:00, 685kB/s]                     Downloading https://raw.githubusercontent.com/stanfordnlp/stanza-resources/main/resources_1.14.0.json: 457kB [00:00, 2.34MB/s]
2026-08-30 00:19:44 INFO: Downloaded file to C:\Users\ADMIN\AppData\Local\StanfordNLP\stanza\Cache\1.14.0\resources\resources.json
2026-08-30 00:19:44,858 INFO     stanza Downloaded file to C:\Users\ADMIN\AppData\Local\StanfordNLP\stanza\Cache\1.14.0\resources\resources.json
Warning: You are sending unauthenticated requests to the HF Hub. Please set a HF_TOKEN to enable higher rate limits and faster downloads.
2026-08-30 00:19:46,843 WARNING  huggingface_hub.utils._http Warning: You are sending unauthenticated requests to the HF Hub. Please set a HF_TOKEN to enable higher rate limits and faster downloads.
2026-08-30 00:20:09 INFO: Loading these models for language: vi (Vietnamese):
==========================
| Processor | Package    |
--------------------------
| tokenize  | vtb        |
| pos       | vtb_charlm |
| lemma     | identity   |
| ner       | vlsp       |
==========================

2026-08-30 00:20:09,179 INFO     stanza Loading these models for language: vi (Vietnamese):
==========================
| Processor | Package    |
--------------------------
| tokenize  | vtb        |
| pos       | vtb_charlm |
| lemma     | identity   |
| ner       | vlsp       |
==========================

2026-08-30 00:20:09 INFO: Using device: cpu
2026-08-30 00:20:09,181 INFO     stanza Using device: cpu
2026-08-30 00:20:09 INFO: Loading: tokenize
2026-08-30 00:20:09,182 INFO     stanza Loading: tokenize
2026-08-30 00:20:17 INFO: Loading: pos
2026-08-30 00:20:17,433 INFO     stanza Loading: pos
2026-08-30 00:20:21 INFO: Loading: lemma
2026-08-30 00:20:21,952 INFO     stanza Loading: lemma
2026-08-30 00:20:21 INFO: Loading: ner
2026-08-30 00:20:21,954 INFO     stanza Loading: ner
2026-08-30 00:20:26 INFO: Done loading processors!
2026-08-30 00:20:26,878 INFO     stanza Done loading processors!
2026-08-30 00:20:26 INFO: Checking for updates to resources.json in case models have been updated.  Note: this behavior can be turned off with download_method=None or download_method=DownloadMethod.REUSE_RESOURCES
2026-08-30 00:20:26,942 INFO     stanza Checking for updates to resources.json in case models have been updated.  Note: this behavior can be turned off with download_method=None or download_method=DownloadMethod.REUSE_RESOURCES
Downloading https://raw.githubusercontent.com/stanfordnlp/stanza-resources/main/resources_1.14.0.json:   0%|          | 0.00/56.4k [00:00<?, ?B/s]Downloading https://raw.githubusercontent.com/stanfordnlp/stanza-resources/main/resources_1.14.0.json: 131kB [00:00, 561kB/s]                     Downloading https://raw.githubusercontent.com/stanfordnlp/stanza-resources/main/resources_1.14.0.json: 457kB [00:00, 1.93MB/s]
2026-08-30 00:20:28 INFO: Downloaded file to C:\Users\ADMIN\AppData\Local\StanfordNLP\stanza\Cache\1.14.0\resources\resources.json
2026-08-30 00:20:28,095 INFO     stanza Downloaded file to C:\Users\ADMIN\AppData\Local\StanfordNLP\stanza\Cache\1.14.0\resources\resources.json
2026-08-30 00:20:28 WARNING: Language en package default expects mwt, which has been added
2026-08-30 00:20:28,129 WARNING  stanza Language en package default expects mwt, which has been added
2026-08-30 00:20:55 INFO: Loading these models for language: en (English):
=========================================
| Processor | Package                   |
-----------------------------------------
| tokenize  | combined_nocharlm         |
| mwt       | combined                  |
| pos       | combined_charlm           |
| lemma     | combined_nocharlm         |
| ner       | ontonotes-ww-multi_charlm |
=========================================

2026-08-30 00:20:55,030 INFO     stanza Loading these models for language: en (English):
=========================================
| Processor | Package                   |
-----------------------------------------
| tokenize  | combined_nocharlm         |
| mwt       | combined                  |
| pos       | combined_charlm           |
| lemma     | combined_nocharlm         |
| ner       | ontonotes-ww-multi_charlm |
=========================================

2026-08-30 00:20:55 INFO: Using device: cpu
2026-08-30 00:20:55,041 INFO     stanza Using device: cpu
2026-08-30 00:20:55 INFO: Loading: tokenize
2026-08-30 00:20:55,043 INFO     stanza Loading: tokenize
2026-08-30 00:20:55 INFO: Loading: mwt
2026-08-30 00:20:55,068 INFO     stanza Loading: mwt
2026-08-30 00:20:55 INFO: Loading: pos
2026-08-30 00:20:55,101 INFO     stanza Loading: pos
2026-08-30 00:20:59 INFO: Loading: lemma
2026-08-30 00:20:59,506 INFO     stanza Loading: lemma
2026-08-30 00:20:59 INFO: Loading: ner
2026-08-30 00:20:59,573 INFO     stanza Loading: ner
2026-08-30 00:21:02 INFO: Done loading processors!
2026-08-30 00:21:02,544 INFO     stanza Done loading processors!
2026-08-30 00:21:02,549 INFO     presidio-analyzer Created NLP engine: stanza. Loaded models: ['vi', 'en']
2026-08-30 00:21:02,551 INFO     presidio-analyzer Loaded recognizer: Stanza Vi PERSON
INFO:     Application startup complete.
2026-08-30 00:21:04,252 INFO     app.services.graph_runtime checkpoint saver setup OK (bảng checkpoint sẵn sàng)
2026-08-30 16:35:03,557 ERROR    app.main unhandled error on POST /api/auth/register: (psycopg.OperationalError) consuming input failed: server closed the connection unexpectedly
	This probably means the server terminated abnormally
	before or while processing the request.
server closed the connection unexpectedly
	This probably means the server terminated abnormally
	before or while processing the request.
[SQL: SELECT users.id AS users_id, users.email AS users_email, users.password_hash AS users_password_hash, users.role AS users_role, users.created_at AS users_created_at 
FROM users 
WHERE users.email = %(email_1)s::VARCHAR 
 LIMIT %(param_1)s::INTEGER]
[parameters: {'email_1': 'zombiepoker55@gmail.com', 'param_1': 1}]
(Background on this error at: https://sqlalche.me/e/20/e3q8)
ERROR:    Exception in ASGI application
Traceback (most recent call last):
  File "D:\AITHUCCHIEN\11236199-LeDangTan-Happynest-Thesis\backend\.venv\Lib\site-packages\sqlalchemy\engine\base.py", line 1969, in _exec_single_context
    self.dialect.do_execute(
  File "D:\AITHUCCHIEN\11236199-LeDangTan-Happynest-Thesis\backend\.venv\Lib\site-packages\sqlalchemy\engine\default.py", line 952, in do_execute
    cursor.execute(statement, parameters)
  File "D:\AITHUCCHIEN\11236199-LeDangTan-Happynest-Thesis\backend\.venv\Lib\site-packages\psycopg\cursor.py", line 117, in execute
    raise ex.with_traceback(None)
psycopg.OperationalError: consuming input failed: server closed the connection unexpectedly
	This probably means the server terminated abnormally
	before or while processing the request.
server closed the connection unexpectedly
	This probably means the server terminated abnormally
	before or while processing the request.

The above exception was the direct cause of the following exception:

Traceback (most recent call last):
  File "D:\AITHUCCHIEN\11236199-LeDangTan-Happynest-Thesis\backend\.venv\Lib\site-packages\uvicorn\protocols\http\h11_impl.py", line 416, in run_asgi
    result = await app(  # type: ignore[func-returns-value]
             ^^^^^^^^^^^^^^^^^^^^^^^^^^^^^^^^^^^^^^^^^^^^^^
  File "D:\AITHUCCHIEN\11236199-LeDangTan-Happynest-Thesis\backend\.venv\Lib\site-packages\uvicorn\middleware\proxy_headers.py", line 63, in __call__
    return await self.app(scope, receive, send)
           ^^^^^^^^^^^^^^^^^^^^^^^^^^^^^^^^^^^^
  File "D:\AITHUCCHIEN\11236199-LeDangTan-Happynest-Thesis\backend\.venv\Lib\site-packages\fastapi\applications.py", line 1163, in __call__
    await super().__call__(scope, receive, send)
  File "D:\AITHUCCHIEN\11236199-LeDangTan-Happynest-Thesis\backend\.venv\Lib\site-packages\starlette\applications.py", line 96, in __call__
    await self.middleware_stack(scope, receive, send)
  File "D:\AITHUCCHIEN\11236199-LeDangTan-Happynest-Thesis\backend\.venv\Lib\site-packages\starlette\middleware\errors.py", line 186, in __call__
    raise exc
  File "D:\AITHUCCHIEN\11236199-LeDangTan-Happynest-Thesis\backend\.venv\Lib\site-packages\starlette\middleware\errors.py", line 164, in __call__
    await self.app(scope, receive, _send)
  File "D:\AITHUCCHIEN\11236199-LeDangTan-Happynest-Thesis\backend\.venv\Lib\site-packages\starlette\middleware\cors.py", line 96, in __call__
    await self.simple_response(scope, receive, send, request_headers=headers)
  File "D:\AITHUCCHIEN\11236199-LeDangTan-Happynest-Thesis\backend\.venv\Lib\site-packages\starlette\middleware\cors.py", line 154, in simple_response
    await self.app(scope, receive, send)
  File "D:\AITHUCCHIEN\11236199-LeDangTan-Happynest-Thesis\backend\.venv\Lib\site-packages\starlette\middleware\exceptions.py", line 63, in __call__
    await wrap_app_handling_exceptions(self.app, conn)(scope, receive, send)
  File "D:\AITHUCCHIEN\11236199-LeDangTan-Happynest-Thesis\backend\.venv\Lib\site-packages\starlette\_exception_handler.py", line 53, in wrapped_app
    raise exc
  File "D:\AITHUCCHIEN\11236199-LeDangTan-Happynest-Thesis\backend\.venv\Lib\site-packages\starlette\_exception_handler.py", line 42, in wrapped_app
    await app(scope, receive, sender)
  File "D:\AITHUCCHIEN\11236199-LeDangTan-Happynest-Thesis\backend\.venv\Lib\site-packages\fastapi\middleware\asyncexitstack.py", line 18, in __call__
    await self.app(scope, receive, send)
  File "D:\AITHUCCHIEN\11236199-LeDangTan-Happynest-Thesis\backend\.venv\Lib\site-packages\starlette\routing.py", line 670, in __call__
    await self.middleware_stack(scope, receive, send)
  File "D:\AITHUCCHIEN\11236199-LeDangTan-Happynest-Thesis\backend\.venv\Lib\site-packages\fastapi\routing.py", line 2734, in app
    await route.handle(scope, receive, send)
  File "D:\AITHUCCHIEN\11236199-LeDangTan-Happynest-Thesis\backend\.venv\Lib\site-packages\fastapi\routing.py", line 1780, in handle
    await self.original_router.handle(scope, receive, send)
  File "D:\AITHUCCHIEN\11236199-LeDangTan-Happynest-Thesis\backend\.venv\Lib\site-packages\fastapi\routing.py", line 2789, in handle
    await included_router._handle_selected(scope, receive, send)
  File "D:\AITHUCCHIEN\11236199-LeDangTan-Happynest-Thesis\backend\.venv\Lib\site-packages\fastapi\routing.py", line 1800, in _handle_selected
    await original_route.handle(scope, receive, send)
  File "D:\AITHUCCHIEN\11236199-LeDangTan-Happynest-Thesis\backend\.venv\Lib\site-packages\fastapi\routing.py", line 1279, in handle
    await app(scope, receive, send)
  File "D:\AITHUCCHIEN\11236199-LeDangTan-Happynest-Thesis\backend\.venv\Lib\site-packages\fastapi\routing.py", line 158, in app
    await wrap_app_handling_exceptions(app, request)(scope, receive, send)
  File "D:\AITHUCCHIEN\11236199-LeDangTan-Happynest-Thesis\backend\.venv\Lib\site-packages\starlette\_exception_handler.py", line 53, in wrapped_app
    raise exc
  File "D:\AITHUCCHIEN\11236199-LeDangTan-Happynest-Thesis\backend\.venv\Lib\site-packages\starlette\_exception_handler.py", line 42, in wrapped_app
    await app(scope, receive, sender)
  File "D:\AITHUCCHIEN\11236199-LeDangTan-Happynest-Thesis\backend\.venv\Lib\site-packages\fastapi\routing.py", line 144, in app
    response = await f(request)
               ^^^^^^^^^^^^^^^^
  File "D:\AITHUCCHIEN\11236199-LeDangTan-Happynest-Thesis\backend\.venv\Lib\site-packages\fastapi\routing.py", line 706, in app
    raw_response = await run_endpoint_function(
                   ^^^^^^^^^^^^^^^^^^^^^^^^^^^^
  File "D:\AITHUCCHIEN\11236199-LeDangTan-Happynest-Thesis\backend\.venv\Lib\site-packages\fastapi\routing.py", line 354, in run_endpoint_function
    return await run_in_threadpool(dependant.call, **values)
           ^^^^^^^^^^^^^^^^^^^^^^^^^^^^^^^^^^^^^^^^^^^^^^^^^
  File "D:\AITHUCCHIEN\11236199-LeDangTan-Happynest-Thesis\backend\.venv\Lib\site-packages\starlette\concurrency.py", line 34, in run_in_threadpool
    return await anyio.to_thread.run_sync(func)
           ^^^^^^^^^^^^^^^^^^^^^^^^^^^^^^^^^^^^
  File "D:\AITHUCCHIEN\11236199-LeDangTan-Happynest-Thesis\backend\.venv\Lib\site-packages\anyio\to_thread.py", line 65, in run_sync
    return await get_async_backend().run_sync_in_worker_thread(
           ^^^^^^^^^^^^^^^^^^^^^^^^^^^^^^^^^^^^^^^^^^^^^^^^^^^^
  File "D:\AITHUCCHIEN\11236199-LeDangTan-Happynest-Thesis\backend\.venv\Lib\site-packages\anyio\_backends\_asyncio.py", line 2641, in run_sync_in_worker_thread
    return await future
           ^^^^^^^^^^^^
  File "D:\AITHUCCHIEN\11236199-LeDangTan-Happynest-Thesis\backend\.venv\Lib\site-packages\anyio\_backends\_asyncio.py", line 1033, in run
    result = context.run(func, *args)
             ^^^^^^^^^^^^^^^^^^^^^^^^
  File "D:\AITHUCCHIEN\11236199-LeDangTan-Happynest-Thesis\backend\app\api\routes\auth.py", line 78, in register
    if db.query(User).filter(User.email == email).first() is not None:
       ^^^^^^^^^^^^^^^^^^^^^^^^^^^^^^^^^^^^^^^^^^^^^^^^^^
  File "D:\AITHUCCHIEN\11236199-LeDangTan-Happynest-Thesis\backend\.venv\Lib\site-packages\sqlalchemy\orm\query.py", line 2766, in first
    return self.limit(1)._iter().first()  # type: ignore
           ^^^^^^^^^^^^^^^^^^^^^
  File "D:\AITHUCCHIEN\11236199-LeDangTan-Happynest-Thesis\backend\.venv\Lib\site-packages\sqlalchemy\orm\query.py", line 2864, in _iter
    result: Union[ScalarResult[_T], Result[_T]] = self.session.execute(
                                                  ^^^^^^^^^^^^^^^^^^^^^
  File "D:\AITHUCCHIEN\11236199-LeDangTan-Happynest-Thesis\backend\.venv\Lib\site-packages\sqlalchemy\orm\session.py", line 2373, in execute
    return self._execute_internal(
           ^^^^^^^^^^^^^^^^^^^^^^^
  File "D:\AITHUCCHIEN\11236199-LeDangTan-Happynest-Thesis\backend\.venv\Lib\site-packages\sqlalchemy\orm\session.py", line 2271, in _execute_internal
    result: Result[Any] = compile_state_cls.orm_execute_statement(
                          ^^^^^^^^^^^^^^^^^^^^^^^^^^^^^^^^^^^^^^^^
  File "D:\AITHUCCHIEN\11236199-LeDangTan-Happynest-Thesis\backend\.venv\Lib\site-packages\sqlalchemy\orm\context.py", line 306, in orm_execute_statement
    result = conn.execute(
             ^^^^^^^^^^^^^
  File "D:\AITHUCCHIEN\11236199-LeDangTan-Happynest-Thesis\backend\.venv\Lib\site-packages\sqlalchemy\engine\base.py", line 1421, in execute
    return meth(
           ^^^^^
  File "D:\AITHUCCHIEN\11236199-LeDangTan-Happynest-Thesis\backend\.venv\Lib\site-packages\sqlalchemy\sql\elements.py", line 526, in _execute_on_connection
    return connection._execute_clauseelement(
           ^^^^^^^^^^^^^^^^^^^^^^^^^^^^^^^^^^
  File "D:\AITHUCCHIEN\11236199-LeDangTan-Happynest-Thesis\backend\.venv\Lib\site-packages\sqlalchemy\engine\base.py", line 1643, in _execute_clauseelement
    ret = self._execute_context(
          ^^^^^^^^^^^^^^^^^^^^^^
  File "D:\AITHUCCHIEN\11236199-LeDangTan-Happynest-Thesis\backend\.venv\Lib\site-packages\sqlalchemy\engine\base.py", line 1848, in _execute_context
    return self._exec_single_context(
           ^^^^^^^^^^^^^^^^^^^^^^^^^^
  File "D:\AITHUCCHIEN\11236199-LeDangTan-Happynest-Thesis\backend\.venv\Lib\site-packages\sqlalchemy\engine\base.py", line 1988, in _exec_single_context
    self._handle_dbapi_exception(
  File "D:\AITHUCCHIEN\11236199-LeDangTan-Happynest-Thesis\backend\.venv\Lib\site-packages\sqlalchemy\engine\base.py", line 2365, in _handle_dbapi_exception
    raise sqlalchemy_exception.with_traceback(exc_info[2]) from e
  File "D:\AITHUCCHIEN\11236199-LeDangTan-Happynest-Thesis\backend\.venv\Lib\site-packages\sqlalchemy\engine\base.py", line 1969, in _exec_single_context
    self.dialect.do_execute(
  File "D:\AITHUCCHIEN\11236199-LeDangTan-Happynest-Thesis\backend\.venv\Lib\site-packages\sqlalchemy\engine\default.py", line 952, in do_execute
    cursor.execute(statement, parameters)
  File "D:\AITHUCCHIEN\11236199-LeDangTan-Happynest-Thesis\backend\.venv\Lib\site-packages\psycopg\cursor.py", line 117, in execute
    raise ex.with_traceback(None)
sqlalchemy.exc.OperationalError: (psycopg.OperationalError) consuming input failed: server closed the connection unexpectedly
	This probably means the server terminated abnormally
	before or while processing the request.
server closed the connection unexpectedly
	This probably means the server terminated abnormally
	before or while processing the request.
[SQL: SELECT users.id AS users_id, users.email AS users_email, users.password_hash AS users_password_hash, users.role AS users_role, users.created_at AS users_created_at 
FROM users 
WHERE users.email = %(email_1)s::VARCHAR 
 LIMIT %(param_1)s::INTEGER]
[parameters: {'email_1': 'zombiepoker55@gmail.com', 'param_1': 1}]
(Background on this error at: https://sqlalche.me/e/20/e3q8)
2026-08-30 16:38:19,693 INFO     app.api.routes.auth register ok role=operations
2026-08-30 16:38:20,129 INFO     app.api.routes.auth login ok role=operations
2026-08-30 16:38:41,444 INFO     httpx2 HTTP Request: POST https://openrouter.ai/api/v1/chat/completions "HTTP/1.1 400 Bad Request"
2026-08-30 16:38:41,446 WARNING  app.services.llm_client Mode A rejected (provider: BadRequestError: Error code: 400 - {'error': {'message': 'Provider returned error', 'code': 400, 'metadata': {) → Mode B
2026-08-30 16:38:45,151 INFO     httpx2 HTTP Request: POST https://openrouter.ai/api/v1/chat/completions "HTTP/1.1 200 OK"
2026-08-30 17:05:16,305 INFO     app.api.routes.auth login ok role=operations
WARNING:  StatReload detected changes in 'app\services\import_service.py'. Reloading...
INFO:     Shutting down
INFO:     Waiting for application shutdown.
INFO:     Application shutdown complete.
INFO:     Finished server process [43432]
INFO:     Started server process [35772]
INFO:     Waiting for application startup.
2026-08-30 17:45:51,522 INFO     presidio-analyzer Loaded recognizer: EmailRecognizer
2026-08-30 17:45:51,523 INFO     presidio-analyzer Loaded recognizer: UrlRecognizer
2026-08-30 17:45:51,523 INFO     presidio-analyzer Loaded recognizer: IpRecognizer
2026-08-30 17:45:51,525 INFO     presidio-analyzer Loaded recognizer: VN Email Recognizer
2026-08-30 17:45:51,525 INFO     presidio-analyzer Loaded recognizer: VN Phone Recognizer
2026-08-30 17:45:51,526 INFO     presidio-analyzer Loaded recognizer: VN CCCD Recognizer
2026-08-30 17:45:51 INFO: Checking for updates to resources.json in case models have been updated.  Note: this behavior can be turned off with download_method=None or download_method=DownloadMethod.REUSE_RESOURCES
2026-08-30 17:45:51,703 INFO     stanza Checking for updates to resources.json in case models have been updated.  Note: this behavior can be turned off with download_method=None or download_method=DownloadMethod.REUSE_RESOURCES
Downloading https://raw.githubusercontent.com/stanfordnlp/stanza-resources/main/resources_1.14.0.json:   0%|          | 0.00/56.4k [00:00<?, ?B/s]Downloading https://raw.githubusercontent.com/stanfordnlp/stanza-resources/main/resources_1.14.0.json: 131kB [00:00, 510kB/s]                     Downloading https://raw.githubusercontent.com/stanfordnlp/stanza-resources/main/resources_1.14.0.json: 457kB [00:00, 1.69MB/s]
2026-08-30 17:45:53 INFO: Downloaded file to C:\Users\ADMIN\AppData\Local\StanfordNLP\stanza\Cache\1.14.0\resources\resources.json
2026-08-30 17:45:53,343 INFO     stanza Downloaded file to C:\Users\ADMIN\AppData\Local\StanfordNLP\stanza\Cache\1.14.0\resources\resources.json
2026-08-30 17:45:54 INFO: Loading these models for language: vi (Vietnamese):
==========================
| Processor | Package    |
--------------------------
| tokenize  | vtb        |
| pos       | vtb_charlm |
| lemma     | identity   |
| ner       | vlsp       |
==========================

2026-08-30 17:45:54,824 INFO     stanza Loading these models for language: vi (Vietnamese):
==========================
| Processor | Package    |
--------------------------
| tokenize  | vtb        |
| pos       | vtb_charlm |
| lemma     | identity   |
| ner       | vlsp       |
==========================

2026-08-30 17:45:54 INFO: Using device: cpu
2026-08-30 17:45:54,827 INFO     stanza Using device: cpu
2026-08-30 17:45:54 INFO: Loading: tokenize
2026-08-30 17:45:54,827 INFO     stanza Loading: tokenize
2026-08-30 17:46:02 INFO: Loading: pos
2026-08-30 17:46:02,082 INFO     stanza Loading: pos
2026-08-30 17:46:06 INFO: Loading: lemma
2026-08-30 17:46:06,812 INFO     stanza Loading: lemma
2026-08-30 17:46:06 INFO: Loading: ner
2026-08-30 17:46:06,814 INFO     stanza Loading: ner
2026-08-30 17:46:11 INFO: Done loading processors!
2026-08-30 17:46:11,869 INFO     stanza Done loading processors!
2026-08-30 17:46:11 INFO: Checking for updates to resources.json in case models have been updated.  Note: this behavior can be turned off with download_method=None or download_method=DownloadMethod.REUSE_RESOURCES
2026-08-30 17:46:11,927 INFO     stanza Checking for updates to resources.json in case models have been updated.  Note: this behavior can be turned off with download_method=None or download_method=DownloadMethod.REUSE_RESOURCES
Downloading https://raw.githubusercontent.com/stanfordnlp/stanza-resources/main/resources_1.14.0.json:   0%|          | 0.00/56.4k [00:00<?, ?B/s]Downloading https://raw.githubusercontent.com/stanfordnlp/stanza-resources/main/resources_1.14.0.json: 131kB [00:00, 511kB/s]                     Downloading https://raw.githubusercontent.com/stanfordnlp/stanza-resources/main/resources_1.14.0.json: 457kB [00:00, 1.76MB/s]
2026-08-30 17:46:13 INFO: Downloaded file to C:\Users\ADMIN\AppData\Local\StanfordNLP\stanza\Cache\1.14.0\resources\resources.json
2026-08-30 17:46:13,172 INFO     stanza Downloaded file to C:\Users\ADMIN\AppData\Local\StanfordNLP\stanza\Cache\1.14.0\resources\resources.json
2026-08-30 17:46:13 WARNING: Language en package default expects mwt, which has been added
2026-08-30 17:46:13,215 WARNING  stanza Language en package default expects mwt, which has been added
2026-08-30 17:46:14 INFO: Loading these models for language: en (English):
=========================================
| Processor | Package                   |
-----------------------------------------
| tokenize  | combined_nocharlm         |
| mwt       | combined                  |
| pos       | combined_charlm           |
| lemma     | combined_nocharlm         |
| ner       | ontonotes-ww-multi_charlm |
=========================================

2026-08-30 17:46:14,687 INFO     stanza Loading these models for language: en (English):
=========================================
| Processor | Package                   |
-----------------------------------------
| tokenize  | combined_nocharlm         |
| mwt       | combined                  |
| pos       | combined_charlm           |
| lemma     | combined_nocharlm         |
| ner       | ontonotes-ww-multi_charlm |
=========================================

2026-08-30 17:46:14 INFO: Using device: cpu
2026-08-30 17:46:14,689 INFO     stanza Using device: cpu
2026-08-30 17:46:14 INFO: Loading: tokenize
2026-08-30 17:46:14,691 INFO     stanza Loading: tokenize
2026-08-30 17:46:14 INFO: Loading: mwt
2026-08-30 17:46:14,715 INFO     stanza Loading: mwt
2026-08-30 17:46:14 INFO: Loading: pos
2026-08-30 17:46:14,751 INFO     stanza Loading: pos
2026-08-30 17:46:19 INFO: Loading: lemma
2026-08-30 17:46:19,365 INFO     stanza Loading: lemma
2026-08-30 17:46:19 INFO: Loading: ner
2026-08-30 17:46:19,430 INFO     stanza Loading: ner
2026-08-30 17:46:25 INFO: Done loading processors!
2026-08-30 17:46:25,247 INFO     stanza Done loading processors!
2026-08-30 17:46:25,254 INFO     presidio-analyzer Created NLP engine: stanza. Loaded models: ['vi', 'en']
2026-08-30 17:46:25,255 INFO     presidio-analyzer Loaded recognizer: Stanza Vi PERSON
INFO:     Application startup complete.
2026-08-30 17:46:26,989 INFO     app.services.graph_runtime checkpoint saver setup OK (bảng checkpoint sẵn sàng)
WARNING:  StatReload detected changes in 'app\api\routes\analysis.py'. Reloading...
INFO:     Shutting down
INFO:     Waiting for application shutdown.
INFO:     Application shutdown complete.
INFO:     Finished server process [35772]
INFO:     Started server process [16820]
INFO:     Waiting for application startup.
2026-08-30 17:50:55,660 INFO     presidio-analyzer Loaded recognizer: EmailRecognizer
2026-08-30 17:50:55,661 INFO     presidio-analyzer Loaded recognizer: UrlRecognizer
2026-08-30 17:50:55,661 INFO     presidio-analyzer Loaded recognizer: IpRecognizer
2026-08-30 17:50:55,662 INFO     presidio-analyzer Loaded recognizer: VN Email Recognizer
2026-08-30 17:50:55,663 INFO     presidio-analyzer Loaded recognizer: VN Phone Recognizer
2026-08-30 17:50:55,663 INFO     presidio-analyzer Loaded recognizer: VN CCCD Recognizer
2026-08-30 17:50:55 INFO: Checking for updates to resources.json in case models have been updated.  Note: this behavior can be turned off with download_method=None or download_method=DownloadMethod.REUSE_RESOURCES
2026-08-30 17:50:55,872 INFO     stanza Checking for updates to resources.json in case models have been updated.  Note: this behavior can be turned off with download_method=None or download_method=DownloadMethod.REUSE_RESOURCES
Downloading https://raw.githubusercontent.com/stanfordnlp/stanza-resources/main/resources_1.14.0.json:   0%|          | 0.00/56.4k [00:00<?, ?B/s]Downloading https://raw.githubusercontent.com/stanfordnlp/stanza-resources/main/resources_1.14.0.json: 131kB [00:00, 607kB/s]                     Downloading https://raw.githubusercontent.com/stanfordnlp/stanza-resources/main/resources_1.14.0.json: 457kB [00:00, 2.07MB/s]
2026-08-30 17:50:57 INFO: Downloaded file to C:\Users\ADMIN\AppData\Local\StanfordNLP\stanza\Cache\1.14.0\resources\resources.json
2026-08-30 17:50:57,271 INFO     stanza Downloaded file to C:\Users\ADMIN\AppData\Local\StanfordNLP\stanza\Cache\1.14.0\resources\resources.json
2026-08-30 17:50:58 INFO: Loading these models for language: vi (Vietnamese):
==========================
| Processor | Package    |
--------------------------
| tokenize  | vtb        |
| pos       | vtb_charlm |
| lemma     | identity   |
| ner       | vlsp       |
==========================

2026-08-30 17:50:58,403 INFO     stanza Loading these models for language: vi (Vietnamese):
==========================
| Processor | Package    |
--------------------------
| tokenize  | vtb        |
| pos       | vtb_charlm |
| lemma     | identity   |
| ner       | vlsp       |
==========================

2026-08-30 17:50:58 INFO: Using device: cpu
2026-08-30 17:50:58,406 INFO     stanza Using device: cpu
2026-08-30 17:50:58 INFO: Loading: tokenize
2026-08-30 17:50:58,407 INFO     stanza Loading: tokenize
2026-08-30 17:51:06 INFO: Loading: pos
2026-08-30 17:51:06,873 INFO     stanza Loading: pos
2026-08-30 17:51:11 INFO: Loading: lemma
2026-08-30 17:51:11,545 INFO     stanza Loading: lemma
2026-08-30 17:51:11 INFO: Loading: ner
2026-08-30 17:51:11,547 INFO     stanza Loading: ner
2026-08-30 17:51:16 INFO: Done loading processors!
2026-08-30 17:51:16,976 INFO     stanza Done loading processors!
2026-08-30 17:51:17 INFO: Checking for updates to resources.json in case models have been updated.  Note: this behavior can be turned off with download_method=None or download_method=DownloadMethod.REUSE_RESOURCES
2026-08-30 17:51:17,049 INFO     stanza Checking for updates to resources.json in case models have been updated.  Note: this behavior can be turned off with download_method=None or download_method=DownloadMethod.REUSE_RESOURCES
Downloading https://raw.githubusercontent.com/stanfordnlp/stanza-resources/main/resources_1.14.0.json:   0%|          | 0.00/56.4k [00:00<?, ?B/s]Downloading https://raw.githubusercontent.com/stanfordnlp/stanza-resources/main/resources_1.14.0.json: 131kB [00:00, 439kB/s]                     Downloading https://raw.githubusercontent.com/stanfordnlp/stanza-resources/main/resources_1.14.0.json: 457kB [00:00, 1.51MB/s]
2026-08-30 17:51:18 INFO: Downloaded file to C:\Users\ADMIN\AppData\Local\StanfordNLP\stanza\Cache\1.14.0\resources\resources.json
2026-08-30 17:51:18,401 INFO     stanza Downloaded file to C:\Users\ADMIN\AppData\Local\StanfordNLP\stanza\Cache\1.14.0\resources\resources.json
2026-08-30 17:51:18 WARNING: Language en package default expects mwt, which has been added
2026-08-30 17:51:18,438 WARNING  stanza Language en package default expects mwt, which has been added
2026-08-30 17:51:19 INFO: Loading these models for language: en (English):
=========================================
| Processor | Package                   |
-----------------------------------------
| tokenize  | combined_nocharlm         |
| mwt       | combined                  |
| pos       | combined_charlm           |
| lemma     | combined_nocharlm         |
| ner       | ontonotes-ww-multi_charlm |
=========================================

2026-08-30 17:51:19,714 INFO     stanza Loading these models for language: en (English):
=========================================
| Processor | Package                   |
-----------------------------------------
| tokenize  | combined_nocharlm         |
| mwt       | combined                  |
| pos       | combined_charlm           |
| lemma     | combined_nocharlm         |
| ner       | ontonotes-ww-multi_charlm |
=========================================

2026-08-30 17:51:19 INFO: Using device: cpu
2026-08-30 17:51:19,727 INFO     stanza Using device: cpu
2026-08-30 17:51:19 INFO: Loading: tokenize
2026-08-30 17:51:19,728 INFO     stanza Loading: tokenize
2026-08-30 17:51:19 INFO: Loading: mwt
2026-08-30 17:51:19,756 INFO     stanza Loading: mwt
2026-08-30 17:51:19 INFO: Loading: pos
2026-08-30 17:51:19,791 INFO     stanza Loading: pos
2026-08-30 17:51:24 INFO: Loading: lemma
2026-08-30 17:51:24,573 INFO     stanza Loading: lemma
2026-08-30 17:51:24 INFO: Loading: ner
2026-08-30 17:51:24,645 INFO     stanza Loading: ner
2026-08-30 17:51:30 INFO: Done loading processors!
2026-08-30 17:51:30,404 INFO     stanza Done loading processors!
2026-08-30 17:51:30,420 INFO     presidio-analyzer Created NLP engine: stanza. Loaded models: ['vi', 'en']
2026-08-30 17:51:30,421 INFO     presidio-analyzer Loaded recognizer: Stanza Vi PERSON
INFO:     Application startup complete.
2026-08-30 17:51:32,199 INFO     app.services.graph_runtime checkpoint saver setup OK (bảng checkpoint sẵn sàng)
2026-08-30 17:56:07,132 ERROR    app.main unhandled error on GET /api/analysis/runs: (psycopg.errors.UndefinedColumn) column analysis_runs.import_id does not exist
LINE 1: ...ns.prompt_version, analysis_runs.embedding_model, analysis_r...
                                                             ^
[SQL: SELECT analysis_runs.id, analysis_runs.pipeline_version, analysis_runs.llm_model, analysis_runs.prompt_version, analysis_runs.embedding_model, analysis_runs.import_id, analysis_runs.mode, analysis_runs.chunk_size, analysis_runs.failed_count, analysis_runs.cancel_requested_at, analysis_runs.started_at, analysis_runs.completed_at, analysis_runs.status, analysis_runs.processed_count, analysis_runs.total_count, analysis_runs.error 
FROM analysis_runs ORDER BY analysis_runs.started_at DESC 
 LIMIT %(param_1)s::INTEGER]
[parameters: {'param_1': 50}]
(Background on this error at: https://sqlalche.me/e/20/f405)
ERROR:    Exception in ASGI application
Traceback (most recent call last):
  File "D:\AITHUCCHIEN\11236199-LeDangTan-Happynest-Thesis\backend\.venv\Lib\site-packages\sqlalchemy\engine\base.py", line 1969, in _exec_single_context
    self.dialect.do_execute(
  File "D:\AITHUCCHIEN\11236199-LeDangTan-Happynest-Thesis\backend\.venv\Lib\site-packages\sqlalchemy\engine\default.py", line 952, in do_execute
    cursor.execute(statement, parameters)
  File "D:\AITHUCCHIEN\11236199-LeDangTan-Happynest-Thesis\backend\.venv\Lib\site-packages\psycopg\cursor.py", line 117, in execute
    raise ex.with_traceback(None)
psycopg.errors.UndefinedColumn: column analysis_runs.import_id does not exist
LINE 1: ...ns.prompt_version, analysis_runs.embedding_model, analysis_r...
                                                             ^

The above exception was the direct cause of the following exception:

Traceback (most recent call last):
  File "D:\AITHUCCHIEN\11236199-LeDangTan-Happynest-Thesis\backend\.venv\Lib\site-packages\uvicorn\protocols\http\h11_impl.py", line 416, in run_asgi
    result = await app(  # type: ignore[func-returns-value]
             ^^^^^^^^^^^^^^^^^^^^^^^^^^^^^^^^^^^^^^^^^^^^^^
  File "D:\AITHUCCHIEN\11236199-LeDangTan-Happynest-Thesis\backend\.venv\Lib\site-packages\uvicorn\middleware\proxy_headers.py", line 63, in __call__
    return await self.app(scope, receive, send)
           ^^^^^^^^^^^^^^^^^^^^^^^^^^^^^^^^^^^^
  File "D:\AITHUCCHIEN\11236199-LeDangTan-Happynest-Thesis\backend\.venv\Lib\site-packages\fastapi\applications.py", line 1163, in __call__
    await super().__call__(scope, receive, send)
  File "D:\AITHUCCHIEN\11236199-LeDangTan-Happynest-Thesis\backend\.venv\Lib\site-packages\starlette\applications.py", line 96, in __call__
    await self.middleware_stack(scope, receive, send)
  File "D:\AITHUCCHIEN\11236199-LeDangTan-Happynest-Thesis\backend\.venv\Lib\site-packages\starlette\middleware\errors.py", line 186, in __call__
    raise exc
  File "D:\AITHUCCHIEN\11236199-LeDangTan-Happynest-Thesis\backend\.venv\Lib\site-packages\starlette\middleware\errors.py", line 164, in __call__
    await self.app(scope, receive, _send)
  File "D:\AITHUCCHIEN\11236199-LeDangTan-Happynest-Thesis\backend\.venv\Lib\site-packages\starlette\middleware\cors.py", line 88, in __call__
    await self.app(scope, receive, send)
  File "D:\AITHUCCHIEN\11236199-LeDangTan-Happynest-Thesis\backend\.venv\Lib\site-packages\starlette\middleware\exceptions.py", line 63, in __call__
    await wrap_app_handling_exceptions(self.app, conn)(scope, receive, send)
  File "D:\AITHUCCHIEN\11236199-LeDangTan-Happynest-Thesis\backend\.venv\Lib\site-packages\starlette\_exception_handler.py", line 53, in wrapped_app
    raise exc
  File "D:\AITHUCCHIEN\11236199-LeDangTan-Happynest-Thesis\backend\.venv\Lib\site-packages\starlette\_exception_handler.py", line 42, in wrapped_app
    await app(scope, receive, sender)
  File "D:\AITHUCCHIEN\11236199-LeDangTan-Happynest-Thesis\backend\.venv\Lib\site-packages\fastapi\middleware\asyncexitstack.py", line 18, in __call__
    await self.app(scope, receive, send)
  File "D:\AITHUCCHIEN\11236199-LeDangTan-Happynest-Thesis\backend\.venv\Lib\site-packages\starlette\routing.py", line 670, in __call__
    await self.middleware_stack(scope, receive, send)
  File "D:\AITHUCCHIEN\11236199-LeDangTan-Happynest-Thesis\backend\.venv\Lib\site-packages\fastapi\routing.py", line 2734, in app
    await route.handle(scope, receive, send)
  File "D:\AITHUCCHIEN\11236199-LeDangTan-Happynest-Thesis\backend\.venv\Lib\site-packages\fastapi\routing.py", line 1780, in handle
    await self.original_router.handle(scope, receive, send)
  File "D:\AITHUCCHIEN\11236199-LeDangTan-Happynest-Thesis\backend\.venv\Lib\site-packages\fastapi\routing.py", line 2789, in handle
    await included_router._handle_selected(scope, receive, send)
  File "D:\AITHUCCHIEN\11236199-LeDangTan-Happynest-Thesis\backend\.venv\Lib\site-packages\fastapi\routing.py", line 1800, in _handle_selected
    await original_route.handle(scope, receive, send)
  File "D:\AITHUCCHIEN\11236199-LeDangTan-Happynest-Thesis\backend\.venv\Lib\site-packages\fastapi\routing.py", line 1279, in handle
    await app(scope, receive, send)
  File "D:\AITHUCCHIEN\11236199-LeDangTan-Happynest-Thesis\backend\.venv\Lib\site-packages\fastapi\routing.py", line 158, in app
    await wrap_app_handling_exceptions(app, request)(scope, receive, send)
  File "D:\AITHUCCHIEN\11236199-LeDangTan-Happynest-Thesis\backend\.venv\Lib\site-packages\starlette\_exception_handler.py", line 53, in wrapped_app
    raise exc
  File "D:\AITHUCCHIEN\11236199-LeDangTan-Happynest-Thesis\backend\.venv\Lib\site-packages\starlette\_exception_handler.py", line 42, in wrapped_app
    await app(scope, receive, sender)
  File "D:\AITHUCCHIEN\11236199-LeDangTan-Happynest-Thesis\backend\.venv\Lib\site-packages\fastapi\routing.py", line 144, in app
    response = await f(request)
               ^^^^^^^^^^^^^^^^
  File "D:\AITHUCCHIEN\11236199-LeDangTan-Happynest-Thesis\backend\.venv\Lib\site-packages\fastapi\routing.py", line 706, in app
    raw_response = await run_endpoint_function(
                   ^^^^^^^^^^^^^^^^^^^^^^^^^^^^
  File "D:\AITHUCCHIEN\11236199-LeDangTan-Happynest-Thesis\backend\.venv\Lib\site-packages\fastapi\routing.py", line 354, in run_endpoint_function
    return await run_in_threadpool(dependant.call, **values)
           ^^^^^^^^^^^^^^^^^^^^^^^^^^^^^^^^^^^^^^^^^^^^^^^^^
  File "D:\AITHUCCHIEN\11236199-LeDangTan-Happynest-Thesis\backend\.venv\Lib\site-packages\starlette\concurrency.py", line 34, in run_in_threadpool
    return await anyio.to_thread.run_sync(func)
           ^^^^^^^^^^^^^^^^^^^^^^^^^^^^^^^^^^^^
  File "D:\AITHUCCHIEN\11236199-LeDangTan-Happynest-Thesis\backend\.venv\Lib\site-packages\anyio\to_thread.py", line 65, in run_sync
    return await get_async_backend().run_sync_in_worker_thread(
           ^^^^^^^^^^^^^^^^^^^^^^^^^^^^^^^^^^^^^^^^^^^^^^^^^^^^
  File "D:\AITHUCCHIEN\11236199-LeDangTan-Happynest-Thesis\backend\.venv\Lib\site-packages\anyio\_backends\_asyncio.py", line 2641, in run_sync_in_worker_thread
    return await future
           ^^^^^^^^^^^^
  File "D:\AITHUCCHIEN\11236199-LeDangTan-Happynest-Thesis\backend\.venv\Lib\site-packages\anyio\_backends\_asyncio.py", line 1033, in run
    result = context.run(func, *args)
             ^^^^^^^^^^^^^^^^^^^^^^^^
  File "D:\AITHUCCHIEN\11236199-LeDangTan-Happynest-Thesis\backend\app\api\routes\analysis.py", line 117, in list_analysis_runs
    rows = session.scalars(
           ^^^^^^^^^^^^^^^^
  File "D:\AITHUCCHIEN\11236199-LeDangTan-Happynest-Thesis\backend\.venv\Lib\site-packages\sqlalchemy\orm\session.py", line 2481, in scalars
    return self._execute_internal(
           ^^^^^^^^^^^^^^^^^^^^^^^
  File "D:\AITHUCCHIEN\11236199-LeDangTan-Happynest-Thesis\backend\.venv\Lib\site-packages\sqlalchemy\orm\session.py", line 2271, in _execute_internal
    result: Result[Any] = compile_state_cls.orm_execute_statement(
                          ^^^^^^^^^^^^^^^^^^^^^^^^^^^^^^^^^^^^^^^^
  File "D:\AITHUCCHIEN\11236199-LeDangTan-Happynest-Thesis\backend\.venv\Lib\site-packages\sqlalchemy\orm\context.py", line 306, in orm_execute_statement
    result = conn.execute(
             ^^^^^^^^^^^^^
  File "D:\AITHUCCHIEN\11236199-LeDangTan-Happynest-Thesis\backend\.venv\Lib\site-packages\sqlalchemy\engine\base.py", line 1421, in execute
    return meth(
           ^^^^^
  File "D:\AITHUCCHIEN\11236199-LeDangTan-Happynest-Thesis\backend\.venv\Lib\site-packages\sqlalchemy\sql\elements.py", line 526, in _execute_on_connection
    return connection._execute_clauseelement(
           ^^^^^^^^^^^^^^^^^^^^^^^^^^^^^^^^^^
  File "D:\AITHUCCHIEN\11236199-LeDangTan-Happynest-Thesis\backend\.venv\Lib\site-packages\sqlalchemy\engine\base.py", line 1643, in _execute_clauseelement
    ret = self._execute_context(
          ^^^^^^^^^^^^^^^^^^^^^^
  File "D:\AITHUCCHIEN\11236199-LeDangTan-Happynest-Thesis\backend\.venv\Lib\site-packages\sqlalchemy\engine\base.py", line 1848, in _execute_context
    return self._exec_single_context(
           ^^^^^^^^^^^^^^^^^^^^^^^^^^
  File "D:\AITHUCCHIEN\11236199-LeDangTan-Happynest-Thesis\backend\.venv\Lib\site-packages\sqlalchemy\engine\base.py", line 1988, in _exec_single_context
    self._handle_dbapi_exception(
  File "D:\AITHUCCHIEN\11236199-LeDangTan-Happynest-Thesis\backend\.venv\Lib\site-packages\sqlalchemy\engine\base.py", line 2365, in _handle_dbapi_exception
    raise sqlalchemy_exception.with_traceback(exc_info[2]) from e
  File "D:\AITHUCCHIEN\11236199-LeDangTan-Happynest-Thesis\backend\.venv\Lib\site-packages\sqlalchemy\engine\base.py", line 1969, in _exec_single_context
    self.dialect.do_execute(
  File "D:\AITHUCCHIEN\11236199-LeDangTan-Happynest-Thesis\backend\.venv\Lib\site-packages\sqlalchemy\engine\default.py", line 952, in do_execute
    cursor.execute(statement, parameters)
  File "D:\AITHUCCHIEN\11236199-LeDangTan-Happynest-Thesis\backend\.venv\Lib\site-packages\psycopg\cursor.py", line 117, in execute
    raise ex.with_traceback(None)
sqlalchemy.exc.ProgrammingError: (psycopg.errors.UndefinedColumn) column analysis_runs.import_id does not exist
LINE 1: ...ns.prompt_version, analysis_runs.embedding_model, analysis_r...
                                                             ^
[SQL: SELECT analysis_runs.id, analysis_runs.pipeline_version, analysis_runs.llm_model, analysis_runs.prompt_version, analysis_runs.embedding_model, analysis_runs.import_id, analysis_runs.mode, analysis_runs.chunk_size, analysis_runs.failed_count, analysis_runs.cancel_requested_at, analysis_runs.started_at, analysis_runs.completed_at, analysis_runs.status, analysis_runs.processed_count, analysis_runs.total_count, analysis_runs.error 
FROM analysis_runs ORDER BY analysis_runs.started_at DESC 
 LIMIT %(param_1)s::INTEGER]
[parameters: {'param_1': 50}]
(Background on this error at: https://sqlalche.me/e/20/f405)
2026-08-30 17:56:07,838 ERROR    app.main unhandled error on GET /api/imports: (psycopg.errors.UndefinedColumn) column imports.original_filename does not exist
LINE 1: ...ct_id, imports.source_type, imports.storage_path, imports.or...
                                                             ^
[SQL: SELECT imports.id, imports.product_id, imports.source_type, imports.storage_path, imports.original_filename, imports.mapping_version, imports.schema_version, imports.status, imports.row_count, imports.source_row_count, imports.error, imports.column_profiles, imports.mapping_started_at, imports.mapping_proposal, imports.report, imports.created_at 
FROM imports ORDER BY CASE WHEN (imports.status IN (%(status_1_1)s, %(status_1_2)s, %(status_1_3)s)) THEN %(param_1)s::INTEGER WHEN (imports.status IN (%(status_2_1)s, %(status_2_2)s)) THEN %(param_2)s::INTEGER ELSE %(param_3)s::INTEGER END, imports.created_at DESC 
 LIMIT %(param_4)s::INTEGER OFFSET %(param_5)s::INTEGER]
[parameters: {'param_1': 0, 'param_2': 1, 'param_3': 2, 'param_4': 50, 'param_5': 0, 'status_1_1': 'profile_ready', 'status_1_2': 'mapping_review', 'status_1_3': 'failed', 'status_2_1': 'mapping_generating', 'status_2_2': 'importing'}]
(Background on this error at: https://sqlalche.me/e/20/f405)
ERROR:    Exception in ASGI application
Traceback (most recent call last):
  File "D:\AITHUCCHIEN\11236199-LeDangTan-Happynest-Thesis\backend\.venv\Lib\site-packages\sqlalchemy\engine\base.py", line 1969, in _exec_single_context
    self.dialect.do_execute(
  File "D:\AITHUCCHIEN\11236199-LeDangTan-Happynest-Thesis\backend\.venv\Lib\site-packages\sqlalchemy\engine\default.py", line 952, in do_execute
    cursor.execute(statement, parameters)
  File "D:\AITHUCCHIEN\11236199-LeDangTan-Happynest-Thesis\backend\.venv\Lib\site-packages\psycopg\cursor.py", line 117, in execute
    raise ex.with_traceback(None)
psycopg.errors.UndefinedColumn: column imports.original_filename does not exist
LINE 1: ...ct_id, imports.source_type, imports.storage_path, imports.or...
                                                             ^

The above exception was the direct cause of the following exception:

Traceback (most recent call last):
  File "D:\AITHUCCHIEN\11236199-LeDangTan-Happynest-Thesis\backend\.venv\Lib\site-packages\uvicorn\protocols\http\h11_impl.py", line 416, in run_asgi
    result = await app(  # type: ignore[func-returns-value]
             ^^^^^^^^^^^^^^^^^^^^^^^^^^^^^^^^^^^^^^^^^^^^^^
  File "D:\AITHUCCHIEN\11236199-LeDangTan-Happynest-Thesis\backend\.venv\Lib\site-packages\uvicorn\middleware\proxy_headers.py", line 63, in __call__
    return await self.app(scope, receive, send)
           ^^^^^^^^^^^^^^^^^^^^^^^^^^^^^^^^^^^^
  File "D:\AITHUCCHIEN\11236199-LeDangTan-Happynest-Thesis\backend\.venv\Lib\site-packages\fastapi\applications.py", line 1163, in __call__
    await super().__call__(scope, receive, send)
  File "D:\AITHUCCHIEN\11236199-LeDangTan-Happynest-Thesis\backend\.venv\Lib\site-packages\starlette\applications.py", line 96, in __call__
    await self.middleware_stack(scope, receive, send)
  File "D:\AITHUCCHIEN\11236199-LeDangTan-Happynest-Thesis\backend\.venv\Lib\site-packages\starlette\middleware\errors.py", line 186, in __call__
    raise exc
  File "D:\AITHUCCHIEN\11236199-LeDangTan-Happynest-Thesis\backend\.venv\Lib\site-packages\starlette\middleware\errors.py", line 164, in __call__
    await self.app(scope, receive, _send)
  File "D:\AITHUCCHIEN\11236199-LeDangTan-Happynest-Thesis\backend\.venv\Lib\site-packages\starlette\middleware\cors.py", line 88, in __call__
    await self.app(scope, receive, send)
  File "D:\AITHUCCHIEN\11236199-LeDangTan-Happynest-Thesis\backend\.venv\Lib\site-packages\starlette\middleware\exceptions.py", line 63, in __call__
    await wrap_app_handling_exceptions(self.app, conn)(scope, receive, send)
  File "D:\AITHUCCHIEN\11236199-LeDangTan-Happynest-Thesis\backend\.venv\Lib\site-packages\starlette\_exception_handler.py", line 53, in wrapped_app
    raise exc
  File "D:\AITHUCCHIEN\11236199-LeDangTan-Happynest-Thesis\backend\.venv\Lib\site-packages\starlette\_exception_handler.py", line 42, in wrapped_app
    await app(scope, receive, sender)
  File "D:\AITHUCCHIEN\11236199-LeDangTan-Happynest-Thesis\backend\.venv\Lib\site-packages\fastapi\middleware\asyncexitstack.py", line 18, in __call__
    await self.app(scope, receive, send)
  File "D:\AITHUCCHIEN\11236199-LeDangTan-Happynest-Thesis\backend\.venv\Lib\site-packages\starlette\routing.py", line 670, in __call__
    await self.middleware_stack(scope, receive, send)
  File "D:\AITHUCCHIEN\11236199-LeDangTan-Happynest-Thesis\backend\.venv\Lib\site-packages\fastapi\routing.py", line 2734, in app
    await route.handle(scope, receive, send)
  File "D:\AITHUCCHIEN\11236199-LeDangTan-Happynest-Thesis\backend\.venv\Lib\site-packages\fastapi\routing.py", line 1780, in handle
    await self.original_router.handle(scope, receive, send)
  File "D:\AITHUCCHIEN\11236199-LeDangTan-Happynest-Thesis\backend\.venv\Lib\site-packages\fastapi\routing.py", line 2789, in handle
    await included_router._handle_selected(scope, receive, send)
  File "D:\AITHUCCHIEN\11236199-LeDangTan-Happynest-Thesis\backend\.venv\Lib\site-packages\fastapi\routing.py", line 1800, in _handle_selected
    await original_route.handle(scope, receive, send)
  File "D:\AITHUCCHIEN\11236199-LeDangTan-Happynest-Thesis\backend\.venv\Lib\site-packages\fastapi\routing.py", line 1279, in handle
    await app(scope, receive, send)
  File "D:\AITHUCCHIEN\11236199-LeDangTan-Happynest-Thesis\backend\.venv\Lib\site-packages\fastapi\routing.py", line 158, in app
    await wrap_app_handling_exceptions(app, request)(scope, receive, send)
  File "D:\AITHUCCHIEN\11236199-LeDangTan-Happynest-Thesis\backend\.venv\Lib\site-packages\starlette\_exception_handler.py", line 53, in wrapped_app
    raise exc
  File "D:\AITHUCCHIEN\11236199-LeDangTan-Happynest-Thesis\backend\.venv\Lib\site-packages\starlette\_exception_handler.py", line 42, in wrapped_app
    await app(scope, receive, sender)
  File "D:\AITHUCCHIEN\11236199-LeDangTan-Happynest-Thesis\backend\.venv\Lib\site-packages\fastapi\routing.py", line 144, in app
    response = await f(request)
               ^^^^^^^^^^^^^^^^
  File "D:\AITHUCCHIEN\11236199-LeDangTan-Happynest-Thesis\backend\.venv\Lib\site-packages\fastapi\routing.py", line 706, in app
    raw_response = await run_endpoint_function(
                   ^^^^^^^^^^^^^^^^^^^^^^^^^^^^
  File "D:\AITHUCCHIEN\11236199-LeDangTan-Happynest-Thesis\backend\.venv\Lib\site-packages\fastapi\routing.py", line 354, in run_endpoint_function
    return await run_in_threadpool(dependant.call, **values)
           ^^^^^^^^^^^^^^^^^^^^^^^^^^^^^^^^^^^^^^^^^^^^^^^^^
  File "D:\AITHUCCHIEN\11236199-LeDangTan-Happynest-Thesis\backend\.venv\Lib\site-packages\starlette\concurrency.py", line 34, in run_in_threadpool
    return await anyio.to_thread.run_sync(func)
           ^^^^^^^^^^^^^^^^^^^^^^^^^^^^^^^^^^^^
  File "D:\AITHUCCHIEN\11236199-LeDangTan-Happynest-Thesis\backend\.venv\Lib\site-packages\anyio\to_thread.py", line 65, in run_sync
    return await get_async_backend().run_sync_in_worker_thread(
           ^^^^^^^^^^^^^^^^^^^^^^^^^^^^^^^^^^^^^^^^^^^^^^^^^^^^
  File "D:\AITHUCCHIEN\11236199-LeDangTan-Happynest-Thesis\backend\.venv\Lib\site-packages\anyio\_backends\_asyncio.py", line 2641, in run_sync_in_worker_thread
    return await future
           ^^^^^^^^^^^^
  File "D:\AITHUCCHIEN\11236199-LeDangTan-Happynest-Thesis\backend\.venv\Lib\site-packages\anyio\_backends\_asyncio.py", line 1033, in run
    result = context.run(func, *args)
             ^^^^^^^^^^^^^^^^^^^^^^^^
  File "D:\AITHUCCHIEN\11236199-LeDangTan-Happynest-Thesis\backend\app\api\routes\imports.py", line 121, in list_imports
    rows = session.scalars(
           ^^^^^^^^^^^^^^^^
  File "D:\AITHUCCHIEN\11236199-LeDangTan-Happynest-Thesis\backend\.venv\Lib\site-packages\sqlalchemy\orm\session.py", line 2481, in scalars
    return self._execute_internal(
           ^^^^^^^^^^^^^^^^^^^^^^^
  File "D:\AITHUCCHIEN\11236199-LeDangTan-Happynest-Thesis\backend\.venv\Lib\site-packages\sqlalchemy\orm\session.py", line 2271, in _execute_internal
    result: Result[Any] = compile_state_cls.orm_execute_statement(
                          ^^^^^^^^^^^^^^^^^^^^^^^^^^^^^^^^^^^^^^^^
  File "D:\AITHUCCHIEN\11236199-LeDangTan-Happynest-Thesis\backend\.venv\Lib\site-packages\sqlalchemy\orm\context.py", line 306, in orm_execute_statement
    result = conn.execute(
             ^^^^^^^^^^^^^
  File "D:\AITHUCCHIEN\11236199-LeDangTan-Happynest-Thesis\backend\.venv\Lib\site-packages\sqlalchemy\engine\base.py", line 1421, in execute
    return meth(
           ^^^^^
  File "D:\AITHUCCHIEN\11236199-LeDangTan-Happynest-Thesis\backend\.venv\Lib\site-packages\sqlalchemy\sql\elements.py", line 526, in _execute_on_connection
    return connection._execute_clauseelement(
           ^^^^^^^^^^^^^^^^^^^^^^^^^^^^^^^^^^
  File "D:\AITHUCCHIEN\11236199-LeDangTan-Happynest-Thesis\backend\.venv\Lib\site-packages\sqlalchemy\engine\base.py", line 1643, in _execute_clauseelement
    ret = self._execute_context(
          ^^^^^^^^^^^^^^^^^^^^^^
  File "D:\AITHUCCHIEN\11236199-LeDangTan-Happynest-Thesis\backend\.venv\Lib\site-packages\sqlalchemy\engine\base.py", line 1848, in _execute_context
    return self._exec_single_context(
           ^^^^^^^^^^^^^^^^^^^^^^^^^^
  File "D:\AITHUCCHIEN\11236199-LeDangTan-Happynest-Thesis\backend\.venv\Lib\site-packages\sqlalchemy\engine\base.py", line 1988, in _exec_single_context
    self._handle_dbapi_exception(
  File "D:\AITHUCCHIEN\11236199-LeDangTan-Happynest-Thesis\backend\.venv\Lib\site-packages\sqlalchemy\engine\base.py", line 2365, in _handle_dbapi_exception
    raise sqlalchemy_exception.with_traceback(exc_info[2]) from e
  File "D:\AITHUCCHIEN\11236199-LeDangTan-Happynest-Thesis\backend\.venv\Lib\site-packages\sqlalchemy\engine\base.py", line 1969, in _exec_single_context
    self.dialect.do_execute(
  File "D:\AITHUCCHIEN\11236199-LeDangTan-Happynest-Thesis\backend\.venv\Lib\site-packages\sqlalchemy\engine\default.py", line 952, in do_execute
    cursor.execute(statement, parameters)
  File "D:\AITHUCCHIEN\11236199-LeDangTan-Happynest-Thesis\backend\.venv\Lib\site-packages\psycopg\cursor.py", line 117, in execute
    raise ex.with_traceback(None)
sqlalchemy.exc.ProgrammingError: (psycopg.errors.UndefinedColumn) column imports.original_filename does not exist
LINE 1: ...ct_id, imports.source_type, imports.storage_path, imports.or...
                                                             ^
[SQL: SELECT imports.id, imports.product_id, imports.source_type, imports.storage_path, imports.original_filename, imports.mapping_version, imports.schema_version, imports.status, imports.row_count, imports.source_row_count, imports.error, imports.column_profiles, imports.mapping_started_at, imports.mapping_proposal, imports.report, imports.created_at 
FROM imports ORDER BY CASE WHEN (imports.status IN (%(status_1_1)s, %(status_1_2)s, %(status_1_3)s)) THEN %(param_1)s::INTEGER WHEN (imports.status IN (%(status_2_1)s, %(status_2_2)s)) THEN %(param_2)s::INTEGER ELSE %(param_3)s::INTEGER END, imports.created_at DESC 
 LIMIT %(param_4)s::INTEGER OFFSET %(param_5)s::INTEGER]
[parameters: {'param_1': 0, 'param_2': 1, 'param_3': 2, 'param_4': 50, 'param_5': 0, 'status_1_1': 'profile_ready', 'status_1_2': 'mapping_review', 'status_1_3': 'failed', 'status_2_1': 'mapping_generating', 'status_2_2': 'importing'}]
(Background on this error at: https://sqlalche.me/e/20/f405)
2026-08-30 17:56:07,997 ERROR    app.main unhandled error on GET /api/imports: (psycopg.errors.UndefinedColumn) column imports.original_filename does not exist
LINE 1: ...ct_id, imports.source_type, imports.storage_path, imports.or...
                                                             ^
[SQL: SELECT imports.id, imports.product_id, imports.source_type, imports.storage_path, imports.original_filename, imports.mapping_version, imports.schema_version, imports.status, imports.row_count, imports.source_row_count, imports.error, imports.column_profiles, imports.mapping_started_at, imports.mapping_proposal, imports.report, imports.created_at 
FROM imports ORDER BY CASE WHEN (imports.status IN (%(status_1_1)s, %(status_1_2)s, %(status_1_3)s)) THEN %(param_1)s::INTEGER WHEN (imports.status IN (%(status_2_1)s, %(status_2_2)s)) THEN %(param_2)s::INTEGER ELSE %(param_3)s::INTEGER END, imports.created_at DESC 
 LIMIT %(param_4)s::INTEGER OFFSET %(param_5)s::INTEGER]
[parameters: {'param_1': 0, 'param_2': 1, 'param_3': 2, 'param_4': 50, 'param_5': 0, 'status_1_1': 'profile_ready', 'status_1_2': 'mapping_review', 'status_1_3': 'failed', 'status_2_1': 'mapping_generating', 'status_2_2': 'importing'}]
(Background on this error at: https://sqlalche.me/e/20/f405)
ERROR:    Exception in ASGI application
Traceback (most recent call last):
  File "D:\AITHUCCHIEN\11236199-LeDangTan-Happynest-Thesis\backend\.venv\Lib\site-packages\sqlalchemy\engine\base.py", line 1969, in _exec_single_context
    self.dialect.do_execute(
  File "D:\AITHUCCHIEN\11236199-LeDangTan-Happynest-Thesis\backend\.venv\Lib\site-packages\sqlalchemy\engine\default.py", line 952, in do_execute
    cursor.execute(statement, parameters)
  File "D:\AITHUCCHIEN\11236199-LeDangTan-Happynest-Thesis\backend\.venv\Lib\site-packages\psycopg\cursor.py", line 117, in execute
    raise ex.with_traceback(None)
psycopg.errors.UndefinedColumn: column imports.original_filename does not exist
LINE 1: ...ct_id, imports.source_type, imports.storage_path, imports.or...
                                                             ^

The above exception was the direct cause of the following exception:

Traceback (most recent call last):
  File "D:\AITHUCCHIEN\11236199-LeDangTan-Happynest-Thesis\backend\.venv\Lib\site-packages\uvicorn\protocols\http\h11_impl.py", line 416, in run_asgi
    result = await app(  # type: ignore[func-returns-value]
             ^^^^^^^^^^^^^^^^^^^^^^^^^^^^^^^^^^^^^^^^^^^^^^
  File "D:\AITHUCCHIEN\11236199-LeDangTan-Happynest-Thesis\backend\.venv\Lib\site-packages\uvicorn\middleware\proxy_headers.py", line 63, in __call__
    return await self.app(scope, receive, send)
           ^^^^^^^^^^^^^^^^^^^^^^^^^^^^^^^^^^^^
  File "D:\AITHUCCHIEN\11236199-LeDangTan-Happynest-Thesis\backend\.venv\Lib\site-packages\fastapi\applications.py", line 1163, in __call__
    await super().__call__(scope, receive, send)
  File "D:\AITHUCCHIEN\11236199-LeDangTan-Happynest-Thesis\backend\.venv\Lib\site-packages\starlette\applications.py", line 96, in __call__
    await self.middleware_stack(scope, receive, send)
  File "D:\AITHUCCHIEN\11236199-LeDangTan-Happynest-Thesis\backend\.venv\Lib\site-packages\starlette\middleware\errors.py", line 186, in __call__
    raise exc
  File "D:\AITHUCCHIEN\11236199-LeDangTan-Happynest-Thesis\backend\.venv\Lib\site-packages\starlette\middleware\errors.py", line 164, in __call__
    await self.app(scope, receive, _send)
  File "D:\AITHUCCHIEN\11236199-LeDangTan-Happynest-Thesis\backend\.venv\Lib\site-packages\starlette\middleware\cors.py", line 88, in __call__
    await self.app(scope, receive, send)
  File "D:\AITHUCCHIEN\11236199-LeDangTan-Happynest-Thesis\backend\.venv\Lib\site-packages\starlette\middleware\exceptions.py", line 63, in __call__
    await wrap_app_handling_exceptions(self.app, conn)(scope, receive, send)
  File "D:\AITHUCCHIEN\11236199-LeDangTan-Happynest-Thesis\backend\.venv\Lib\site-packages\starlette\_exception_handler.py", line 53, in wrapped_app
    raise exc
  File "D:\AITHUCCHIEN\11236199-LeDangTan-Happynest-Thesis\backend\.venv\Lib\site-packages\starlette\_exception_handler.py", line 42, in wrapped_app
    await app(scope, receive, sender)
  File "D:\AITHUCCHIEN\11236199-LeDangTan-Happynest-Thesis\backend\.venv\Lib\site-packages\fastapi\middleware\asyncexitstack.py", line 18, in __call__
    await self.app(scope, receive, send)
  File "D:\AITHUCCHIEN\11236199-LeDangTan-Happynest-Thesis\backend\.venv\Lib\site-packages\starlette\routing.py", line 670, in __call__
    await self.middleware_stack(scope, receive, send)
  File "D:\AITHUCCHIEN\11236199-LeDangTan-Happynest-Thesis\backend\.venv\Lib\site-packages\fastapi\routing.py", line 2734, in app
    await route.handle(scope, receive, send)
  File "D:\AITHUCCHIEN\11236199-LeDangTan-Happynest-Thesis\backend\.venv\Lib\site-packages\fastapi\routing.py", line 1780, in handle
    await self.original_router.handle(scope, receive, send)
  File "D:\AITHUCCHIEN\11236199-LeDangTan-Happynest-Thesis\backend\.venv\Lib\site-packages\fastapi\routing.py", line 2789, in handle
    await included_router._handle_selected(scope, receive, send)
  File "D:\AITHUCCHIEN\11236199-LeDangTan-Happynest-Thesis\backend\.venv\Lib\site-packages\fastapi\routing.py", line 1800, in _handle_selected
    await original_route.handle(scope, receive, send)
  File "D:\AITHUCCHIEN\11236199-LeDangTan-Happynest-Thesis\backend\.venv\Lib\site-packages\fastapi\routing.py", line 1279, in handle
    await app(scope, receive, send)
  File "D:\AITHUCCHIEN\11236199-LeDangTan-Happynest-Thesis\backend\.venv\Lib\site-packages\fastapi\routing.py", line 158, in app
    await wrap_app_handling_exceptions(app, request)(scope, receive, send)
  File "D:\AITHUCCHIEN\11236199-LeDangTan-Happynest-Thesis\backend\.venv\Lib\site-packages\starlette\_exception_handler.py", line 53, in wrapped_app
    raise exc
  File "D:\AITHUCCHIEN\11236199-LeDangTan-Happynest-Thesis\backend\.venv\Lib\site-packages\starlette\_exception_handler.py", line 42, in wrapped_app
    await app(scope, receive, sender)
  File "D:\AITHUCCHIEN\11236199-LeDangTan-Happynest-Thesis\backend\.venv\Lib\site-packages\fastapi\routing.py", line 144, in app
    response = await f(request)
               ^^^^^^^^^^^^^^^^
  File "D:\AITHUCCHIEN\11236199-LeDangTan-Happynest-Thesis\backend\.venv\Lib\site-packages\fastapi\routing.py", line 706, in app
    raw_response = await run_endpoint_function(
                   ^^^^^^^^^^^^^^^^^^^^^^^^^^^^
  File "D:\AITHUCCHIEN\11236199-LeDangTan-Happynest-Thesis\backend\.venv\Lib\site-packages\fastapi\routing.py", line 354, in run_endpoint_function
    return await run_in_threadpool(dependant.call, **values)
           ^^^^^^^^^^^^^^^^^^^^^^^^^^^^^^^^^^^^^^^^^^^^^^^^^
  File "D:\AITHUCCHIEN\11236199-LeDangTan-Happynest-Thesis\backend\.venv\Lib\site-packages\starlette\concurrency.py", line 34, in run_in_threadpool
    return await anyio.to_thread.run_sync(func)
           ^^^^^^^^^^^^^^^^^^^^^^^^^^^^^^^^^^^^
  File "D:\AITHUCCHIEN\11236199-LeDangTan-Happynest-Thesis\backend\.venv\Lib\site-packages\anyio\to_thread.py", line 65, in run_sync
    return await get_async_backend().run_sync_in_worker_thread(
           ^^^^^^^^^^^^^^^^^^^^^^^^^^^^^^^^^^^^^^^^^^^^^^^^^^^^
  File "D:\AITHUCCHIEN\11236199-LeDangTan-Happynest-Thesis\backend\.venv\Lib\site-packages\anyio\_backends\_asyncio.py", line 2641, in run_sync_in_worker_thread
    return await future
           ^^^^^^^^^^^^
  File "D:\AITHUCCHIEN\11236199-LeDangTan-Happynest-Thesis\backend\.venv\Lib\site-packages\anyio\_backends\_asyncio.py", line 1033, in run
    result = context.run(func, *args)
             ^^^^^^^^^^^^^^^^^^^^^^^^
  File "D:\AITHUCCHIEN\11236199-LeDangTan-Happynest-Thesis\backend\app\api\routes\imports.py", line 121, in list_imports
    rows = session.scalars(
           ^^^^^^^^^^^^^^^^
  File "D:\AITHUCCHIEN\11236199-LeDangTan-Happynest-Thesis\backend\.venv\Lib\site-packages\sqlalchemy\orm\session.py", line 2481, in scalars
    return self._execute_internal(
           ^^^^^^^^^^^^^^^^^^^^^^^
  File "D:\AITHUCCHIEN\11236199-LeDangTan-Happynest-Thesis\backend\.venv\Lib\site-packages\sqlalchemy\orm\session.py", line 2271, in _execute_internal
    result: Result[Any] = compile_state_cls.orm_execute_statement(
                          ^^^^^^^^^^^^^^^^^^^^^^^^^^^^^^^^^^^^^^^^
  File "D:\AITHUCCHIEN\11236199-LeDangTan-Happynest-Thesis\backend\.venv\Lib\site-packages\sqlalchemy\orm\context.py", line 306, in orm_execute_statement
    result = conn.execute(
             ^^^^^^^^^^^^^
  File "D:\AITHUCCHIEN\11236199-LeDangTan-Happynest-Thesis\backend\.venv\Lib\site-packages\sqlalchemy\engine\base.py", line 1421, in execute
    return meth(
           ^^^^^
  File "D:\AITHUCCHIEN\11236199-LeDangTan-Happynest-Thesis\backend\.venv\Lib\site-packages\sqlalchemy\sql\elements.py", line 526, in _execute_on_connection
    return connection._execute_clauseelement(
           ^^^^^^^^^^^^^^^^^^^^^^^^^^^^^^^^^^
  File "D:\AITHUCCHIEN\11236199-LeDangTan-Happynest-Thesis\backend\.venv\Lib\site-packages\sqlalchemy\engine\base.py", line 1643, in _execute_clauseelement
    ret = self._execute_context(
          ^^^^^^^^^^^^^^^^^^^^^^
  File "D:\AITHUCCHIEN\11236199-LeDangTan-Happynest-Thesis\backend\.venv\Lib\site-packages\sqlalchemy\engine\base.py", line 1848, in _execute_context
    return self._exec_single_context(
           ^^^^^^^^^^^^^^^^^^^^^^^^^^
  File "D:\AITHUCCHIEN\11236199-LeDangTan-Happynest-Thesis\backend\.venv\Lib\site-packages\sqlalchemy\engine\base.py", line 1988, in _exec_single_context
    self._handle_dbapi_exception(
  File "D:\AITHUCCHIEN\11236199-LeDangTan-Happynest-Thesis\backend\.venv\Lib\site-packages\sqlalchemy\engine\base.py", line 2365, in _handle_dbapi_exception
    raise sqlalchemy_exception.with_traceback(exc_info[2]) from e
  File "D:\AITHUCCHIEN\11236199-LeDangTan-Happynest-Thesis\backend\.venv\Lib\site-packages\sqlalchemy\engine\base.py", line 1969, in _exec_single_context
    self.dialect.do_execute(
  File "D:\AITHUCCHIEN\11236199-LeDangTan-Happynest-Thesis\backend\.venv\Lib\site-packages\sqlalchemy\engine\default.py", line 952, in do_execute
    cursor.execute(statement, parameters)
  File "D:\AITHUCCHIEN\11236199-LeDangTan-Happynest-Thesis\backend\.venv\Lib\site-packages\psycopg\cursor.py", line 117, in execute
    raise ex.with_traceback(None)
sqlalchemy.exc.ProgrammingError: (psycopg.errors.UndefinedColumn) column imports.original_filename does not exist
LINE 1: ...ct_id, imports.source_type, imports.storage_path, imports.or...
                                                             ^
[SQL: SELECT imports.id, imports.product_id, imports.source_type, imports.storage_path, imports.original_filename, imports.mapping_version, imports.schema_version, imports.status, imports.row_count, imports.source_row_count, imports.error, imports.column_profiles, imports.mapping_started_at, imports.mapping_proposal, imports.report, imports.created_at 
FROM imports ORDER BY CASE WHEN (imports.status IN (%(status_1_1)s, %(status_1_2)s, %(status_1_3)s)) THEN %(param_1)s::INTEGER WHEN (imports.status IN (%(status_2_1)s, %(status_2_2)s)) THEN %(param_2)s::INTEGER ELSE %(param_3)s::INTEGER END, imports.created_at DESC 
 LIMIT %(param_4)s::INTEGER OFFSET %(param_5)s::INTEGER]
[parameters: {'param_1': 0, 'param_2': 1, 'param_3': 2, 'param_4': 50, 'param_5': 0, 'status_1_1': 'profile_ready', 'status_1_2': 'mapping_review', 'status_1_3': 'failed', 'status_2_1': 'mapping_generating', 'status_2_2': 'importing'}]
(Background on this error at: https://sqlalche.me/e/20/f405)
2026-08-30 17:56:08,033 ERROR    app.main unhandled error on GET /api/analysis/runs: (psycopg.errors.UndefinedColumn) column analysis_runs.import_id does not exist
LINE 1: ...ns.prompt_version, analysis_runs.embedding_model, analysis_r...
                                                             ^
[SQL: SELECT analysis_runs.id, analysis_runs.pipeline_version, analysis_runs.llm_model, analysis_runs.prompt_version, analysis_runs.embedding_model, analysis_runs.import_id, analysis_runs.mode, analysis_runs.chunk_size, analysis_runs.failed_count, analysis_runs.cancel_requested_at, analysis_runs.started_at, analysis_runs.completed_at, analysis_runs.status, analysis_runs.processed_count, analysis_runs.total_count, analysis_runs.error 
FROM analysis_runs ORDER BY analysis_runs.started_at DESC 
 LIMIT %(param_1)s::INTEGER]
[parameters: {'param_1': 50}]
(Background on this error at: https://sqlalche.me/e/20/f405)
ERROR:    Exception in ASGI application
Traceback (most recent call last):
  File "D:\AITHUCCHIEN\11236199-LeDangTan-Happynest-Thesis\backend\.venv\Lib\site-packages\sqlalchemy\engine\base.py", line 1969, in _exec_single_context
    self.dialect.do_execute(
  File "D:\AITHUCCHIEN\11236199-LeDangTan-Happynest-Thesis\backend\.venv\Lib\site-packages\sqlalchemy\engine\default.py", line 952, in do_execute
    cursor.execute(statement, parameters)
  File "D:\AITHUCCHIEN\11236199-LeDangTan-Happynest-Thesis\backend\.venv\Lib\site-packages\psycopg\cursor.py", line 117, in execute
    raise ex.with_traceback(None)
psycopg.errors.UndefinedColumn: column analysis_runs.import_id does not exist
LINE 1: ...ns.prompt_version, analysis_runs.embedding_model, analysis_r...
                                                             ^

The above exception was the direct cause of the following exception:

Traceback (most recent call last):
  File "D:\AITHUCCHIEN\11236199-LeDangTan-Happynest-Thesis\backend\.venv\Lib\site-packages\uvicorn\protocols\http\h11_impl.py", line 416, in run_asgi
    result = await app(  # type: ignore[func-returns-value]
             ^^^^^^^^^^^^^^^^^^^^^^^^^^^^^^^^^^^^^^^^^^^^^^
  File "D:\AITHUCCHIEN\11236199-LeDangTan-Happynest-Thesis\backend\.venv\Lib\site-packages\uvicorn\middleware\proxy_headers.py", line 63, in __call__
    return await self.app(scope, receive, send)
           ^^^^^^^^^^^^^^^^^^^^^^^^^^^^^^^^^^^^
  File "D:\AITHUCCHIEN\11236199-LeDangTan-Happynest-Thesis\backend\.venv\Lib\site-packages\fastapi\applications.py", line 1163, in __call__
    await super().__call__(scope, receive, send)
  File "D:\AITHUCCHIEN\11236199-LeDangTan-Happynest-Thesis\backend\.venv\Lib\site-packages\starlette\applications.py", line 96, in __call__
    await self.middleware_stack(scope, receive, send)
  File "D:\AITHUCCHIEN\11236199-LeDangTan-Happynest-Thesis\backend\.venv\Lib\site-packages\starlette\middleware\errors.py", line 186, in __call__
    raise exc
  File "D:\AITHUCCHIEN\11236199-LeDangTan-Happynest-Thesis\backend\.venv\Lib\site-packages\starlette\middleware\errors.py", line 164, in __call__
    await self.app(scope, receive, _send)
  File "D:\AITHUCCHIEN\11236199-LeDangTan-Happynest-Thesis\backend\.venv\Lib\site-packages\starlette\middleware\cors.py", line 88, in __call__
    await self.app(scope, receive, send)
  File "D:\AITHUCCHIEN\11236199-LeDangTan-Happynest-Thesis\backend\.venv\Lib\site-packages\starlette\middleware\exceptions.py", line 63, in __call__
    await wrap_app_handling_exceptions(self.app, conn)(scope, receive, send)
  File "D:\AITHUCCHIEN\11236199-LeDangTan-Happynest-Thesis\backend\.venv\Lib\site-packages\starlette\_exception_handler.py", line 53, in wrapped_app
    raise exc
  File "D:\AITHUCCHIEN\11236199-LeDangTan-Happynest-Thesis\backend\.venv\Lib\site-packages\starlette\_exception_handler.py", line 42, in wrapped_app
    await app(scope, receive, sender)
  File "D:\AITHUCCHIEN\11236199-LeDangTan-Happynest-Thesis\backend\.venv\Lib\site-packages\fastapi\middleware\asyncexitstack.py", line 18, in __call__
    await self.app(scope, receive, send)
  File "D:\AITHUCCHIEN\11236199-LeDangTan-Happynest-Thesis\backend\.venv\Lib\site-packages\starlette\routing.py", line 670, in __call__
    await self.middleware_stack(scope, receive, send)
  File "D:\AITHUCCHIEN\11236199-LeDangTan-Happynest-Thesis\backend\.venv\Lib\site-packages\fastapi\routing.py", line 2734, in app
    await route.handle(scope, receive, send)
  File "D:\AITHUCCHIEN\11236199-LeDangTan-Happynest-Thesis\backend\.venv\Lib\site-packages\fastapi\routing.py", line 1780, in handle
    await self.original_router.handle(scope, receive, send)
  File "D:\AITHUCCHIEN\11236199-LeDangTan-Happynest-Thesis\backend\.venv\Lib\site-packages\fastapi\routing.py", line 2789, in handle
    await included_router._handle_selected(scope, receive, send)
  File "D:\AITHUCCHIEN\11236199-LeDangTan-Happynest-Thesis\backend\.venv\Lib\site-packages\fastapi\routing.py", line 1800, in _handle_selected
    await original_route.handle(scope, receive, send)
  File "D:\AITHUCCHIEN\11236199-LeDangTan-Happynest-Thesis\backend\.venv\Lib\site-packages\fastapi\routing.py", line 1279, in handle
    await app(scope, receive, send)
  File "D:\AITHUCCHIEN\11236199-LeDangTan-Happynest-Thesis\backend\.venv\Lib\site-packages\fastapi\routing.py", line 158, in app
    await wrap_app_handling_exceptions(app, request)(scope, receive, send)
  File "D:\AITHUCCHIEN\11236199-LeDangTan-Happynest-Thesis\backend\.venv\Lib\site-packages\starlette\_exception_handler.py", line 53, in wrapped_app
    raise exc
  File "D:\AITHUCCHIEN\11236199-LeDangTan-Happynest-Thesis\backend\.venv\Lib\site-packages\starlette\_exception_handler.py", line 42, in wrapped_app
    await app(scope, receive, sender)
  File "D:\AITHUCCHIEN\11236199-LeDangTan-Happynest-Thesis\backend\.venv\Lib\site-packages\fastapi\routing.py", line 144, in app
    response = await f(request)
               ^^^^^^^^^^^^^^^^
  File "D:\AITHUCCHIEN\11236199-LeDangTan-Happynest-Thesis\backend\.venv\Lib\site-packages\fastapi\routing.py", line 706, in app
    raw_response = await run_endpoint_function(
                   ^^^^^^^^^^^^^^^^^^^^^^^^^^^^
  File "D:\AITHUCCHIEN\11236199-LeDangTan-Happynest-Thesis\backend\.venv\Lib\site-packages\fastapi\routing.py", line 354, in run_endpoint_function
    return await run_in_threadpool(dependant.call, **values)
           ^^^^^^^^^^^^^^^^^^^^^^^^^^^^^^^^^^^^^^^^^^^^^^^^^
  File "D:\AITHUCCHIEN\11236199-LeDangTan-Happynest-Thesis\backend\.venv\Lib\site-packages\starlette\concurrency.py", line 34, in run_in_threadpool
    return await anyio.to_thread.run_sync(func)
           ^^^^^^^^^^^^^^^^^^^^^^^^^^^^^^^^^^^^
  File "D:\AITHUCCHIEN\11236199-LeDangTan-Happynest-Thesis\backend\.venv\Lib\site-packages\anyio\to_thread.py", line 65, in run_sync
    return await get_async_backend().run_sync_in_worker_thread(
           ^^^^^^^^^^^^^^^^^^^^^^^^^^^^^^^^^^^^^^^^^^^^^^^^^^^^
  File "D:\AITHUCCHIEN\11236199-LeDangTan-Happynest-Thesis\backend\.venv\Lib\site-packages\anyio\_backends\_asyncio.py", line 2641, in run_sync_in_worker_thread
    return await future
           ^^^^^^^^^^^^
  File "D:\AITHUCCHIEN\11236199-LeDangTan-Happynest-Thesis\backend\.venv\Lib\site-packages\anyio\_backends\_asyncio.py", line 1033, in run
    result = context.run(func, *args)
             ^^^^^^^^^^^^^^^^^^^^^^^^
  File "D:\AITHUCCHIEN\11236199-LeDangTan-Happynest-Thesis\backend\app\api\routes\analysis.py", line 117, in list_analysis_runs
    rows = session.scalars(
           ^^^^^^^^^^^^^^^^
  File "D:\AITHUCCHIEN\11236199-LeDangTan-Happynest-Thesis\backend\.venv\Lib\site-packages\sqlalchemy\orm\session.py", line 2481, in scalars
    return self._execute_internal(
           ^^^^^^^^^^^^^^^^^^^^^^^
  File "D:\AITHUCCHIEN\11236199-LeDangTan-Happynest-Thesis\backend\.venv\Lib\site-packages\sqlalchemy\orm\session.py", line 2271, in _execute_internal
    result: Result[Any] = compile_state_cls.orm_execute_statement(
                          ^^^^^^^^^^^^^^^^^^^^^^^^^^^^^^^^^^^^^^^^
  File "D:\AITHUCCHIEN\11236199-LeDangTan-Happynest-Thesis\backend\.venv\Lib\site-packages\sqlalchemy\orm\context.py", line 306, in orm_execute_statement
    result = conn.execute(
             ^^^^^^^^^^^^^
  File "D:\AITHUCCHIEN\11236199-LeDangTan-Happynest-Thesis\backend\.venv\Lib\site-packages\sqlalchemy\engine\base.py", line 1421, in execute
    return meth(
           ^^^^^
  File "D:\AITHUCCHIEN\11236199-LeDangTan-Happynest-Thesis\backend\.venv\Lib\site-packages\sqlalchemy\sql\elements.py", line 526, in _execute_on_connection
    return connection._execute_clauseelement(
           ^^^^^^^^^^^^^^^^^^^^^^^^^^^^^^^^^^
  File "D:\AITHUCCHIEN\11236199-LeDangTan-Happynest-Thesis\backend\.venv\Lib\site-packages\sqlalchemy\engine\base.py", line 1643, in _execute_clauseelement
    ret = self._execute_context(
          ^^^^^^^^^^^^^^^^^^^^^^
  File "D:\AITHUCCHIEN\11236199-LeDangTan-Happynest-Thesis\backend\.venv\Lib\site-packages\sqlalchemy\engine\base.py", line 1848, in _execute_context
    return self._exec_single_context(
           ^^^^^^^^^^^^^^^^^^^^^^^^^^
  File "D:\AITHUCCHIEN\11236199-LeDangTan-Happynest-Thesis\backend\.venv\Lib\site-packages\sqlalchemy\engine\base.py", line 1988, in _exec_single_context
    self._handle_dbapi_exception(
  File "D:\AITHUCCHIEN\11236199-LeDangTan-Happynest-Thesis\backend\.venv\Lib\site-packages\sqlalchemy\engine\base.py", line 2365, in _handle_dbapi_exception
    raise sqlalchemy_exception.with_traceback(exc_info[2]) from e
  File "D:\AITHUCCHIEN\11236199-LeDangTan-Happynest-Thesis\backend\.venv\Lib\site-packages\sqlalchemy\engine\base.py", line 1969, in _exec_single_context
    self.dialect.do_execute(
  File "D:\AITHUCCHIEN\11236199-LeDangTan-Happynest-Thesis\backend\.venv\Lib\site-packages\sqlalchemy\engine\default.py", line 952, in do_execute
    cursor.execute(statement, parameters)
  File "D:\AITHUCCHIEN\11236199-LeDangTan-Happynest-Thesis\backend\.venv\Lib\site-packages\psycopg\cursor.py", line 117, in execute
    raise ex.with_traceback(None)
sqlalchemy.exc.ProgrammingError: (psycopg.errors.UndefinedColumn) column analysis_runs.import_id does not exist
LINE 1: ...ns.prompt_version, analysis_runs.embedding_model, analysis_r...
                                                             ^
[SQL: SELECT analysis_runs.id, analysis_runs.pipeline_version, analysis_runs.llm_model, analysis_runs.prompt_version, analysis_runs.embedding_model, analysis_runs.import_id, analysis_runs.mode, analysis_runs.chunk_size, analysis_runs.failed_count, analysis_runs.cancel_requested_at, analysis_runs.started_at, analysis_runs.completed_at, analysis_runs.status, analysis_runs.processed_count, analysis_runs.total_count, analysis_runs.error 
FROM analysis_runs ORDER BY analysis_runs.started_at DESC 
 LIMIT %(param_1)s::INTEGER]
[parameters: {'param_1': 50}]
(Background on this error at: https://sqlalche.me/e/20/f405)
2026-08-30 17:56:10,648 ERROR    app.main unhandled error on GET /api/analysis/runs: (psycopg.errors.UndefinedColumn) column analysis_runs.import_id does not exist
LINE 1: ...ns.prompt_version, analysis_runs.embedding_model, analysis_r...
                                                             ^
[SQL: SELECT analysis_runs.id, analysis_runs.pipeline_version, analysis_runs.llm_model, analysis_runs.prompt_version, analysis_runs.embedding_model, analysis_runs.import_id, analysis_runs.mode, analysis_runs.chunk_size, analysis_runs.failed_count, analysis_runs.cancel_requested_at, analysis_runs.started_at, analysis_runs.completed_at, analysis_runs.status, analysis_runs.processed_count, analysis_runs.total_count, analysis_runs.error 
FROM analysis_runs ORDER BY analysis_runs.started_at DESC 
 LIMIT %(param_1)s::INTEGER]
[parameters: {'param_1': 50}]
(Background on this error at: https://sqlalche.me/e/20/f405)
ERROR:    Exception in ASGI application
Traceback (most recent call last):
  File "D:\AITHUCCHIEN\11236199-LeDangTan-Happynest-Thesis\backend\.venv\Lib\site-packages\sqlalchemy\engine\base.py", line 1969, in _exec_single_context
    self.dialect.do_execute(
  File "D:\AITHUCCHIEN\11236199-LeDangTan-Happynest-Thesis\backend\.venv\Lib\site-packages\sqlalchemy\engine\default.py", line 952, in do_execute
    cursor.execute(statement, parameters)
  File "D:\AITHUCCHIEN\11236199-LeDangTan-Happynest-Thesis\backend\.venv\Lib\site-packages\psycopg\cursor.py", line 117, in execute
    raise ex.with_traceback(None)
psycopg.errors.UndefinedColumn: column analysis_runs.import_id does not exist
LINE 1: ...ns.prompt_version, analysis_runs.embedding_model, analysis_r...
                                                             ^

The above exception was the direct cause of the following exception:

Traceback (most recent call last):
  File "D:\AITHUCCHIEN\11236199-LeDangTan-Happynest-Thesis\backend\.venv\Lib\site-packages\uvicorn\protocols\http\h11_impl.py", line 416, in run_asgi
    result = await app(  # type: ignore[func-returns-value]
             ^^^^^^^^^^^^^^^^^^^^^^^^^^^^^^^^^^^^^^^^^^^^^^
  File "D:\AITHUCCHIEN\11236199-LeDangTan-Happynest-Thesis\backend\.venv\Lib\site-packages\uvicorn\middleware\proxy_headers.py", line 63, in __call__
    return await self.app(scope, receive, send)
           ^^^^^^^^^^^^^^^^^^^^^^^^^^^^^^^^^^^^
  File "D:\AITHUCCHIEN\11236199-LeDangTan-Happynest-Thesis\backend\.venv\Lib\site-packages\fastapi\applications.py", line 1163, in __call__
    await super().__call__(scope, receive, send)
  File "D:\AITHUCCHIEN\11236199-LeDangTan-Happynest-Thesis\backend\.venv\Lib\site-packages\starlette\applications.py", line 96, in __call__
    await self.middleware_stack(scope, receive, send)
  File "D:\AITHUCCHIEN\11236199-LeDangTan-Happynest-Thesis\backend\.venv\Lib\site-packages\starlette\middleware\errors.py", line 186, in __call__
    raise exc
  File "D:\AITHUCCHIEN\11236199-LeDangTan-Happynest-Thesis\backend\.venv\Lib\site-packages\starlette\middleware\errors.py", line 164, in __call__
    await self.app(scope, receive, _send)
  File "D:\AITHUCCHIEN\11236199-LeDangTan-Happynest-Thesis\backend\.venv\Lib\site-packages\starlette\middleware\cors.py", line 88, in __call__
    await self.app(scope, receive, send)
  File "D:\AITHUCCHIEN\11236199-LeDangTan-Happynest-Thesis\backend\.venv\Lib\site-packages\starlette\middleware\exceptions.py", line 63, in __call__
    await wrap_app_handling_exceptions(self.app, conn)(scope, receive, send)
  File "D:\AITHUCCHIEN\11236199-LeDangTan-Happynest-Thesis\backend\.venv\Lib\site-packages\starlette\_exception_handler.py", line 53, in wrapped_app
    raise exc
  File "D:\AITHUCCHIEN\11236199-LeDangTan-Happynest-Thesis\backend\.venv\Lib\site-packages\starlette\_exception_handler.py", line 42, in wrapped_app
    await app(scope, receive, sender)
  File "D:\AITHUCCHIEN\11236199-LeDangTan-Happynest-Thesis\backend\.venv\Lib\site-packages\fastapi\middleware\asyncexitstack.py", line 18, in __call__
    await self.app(scope, receive, send)
  File "D:\AITHUCCHIEN\11236199-LeDangTan-Happynest-Thesis\backend\.venv\Lib\site-packages\starlette\routing.py", line 670, in __call__
    await self.middleware_stack(scope, receive, send)
  File "D:\AITHUCCHIEN\11236199-LeDangTan-Happynest-Thesis\backend\.venv\Lib\site-packages\fastapi\routing.py", line 2734, in app
    await route.handle(scope, receive, send)
  File "D:\AITHUCCHIEN\11236199-LeDangTan-Happynest-Thesis\backend\.venv\Lib\site-packages\fastapi\routing.py", line 1780, in handle
    await self.original_router.handle(scope, receive, send)
  File "D:\AITHUCCHIEN\11236199-LeDangTan-Happynest-Thesis\backend\.venv\Lib\site-packages\fastapi\routing.py", line 2789, in handle
    await included_router._handle_selected(scope, receive, send)
  File "D:\AITHUCCHIEN\11236199-LeDangTan-Happynest-Thesis\backend\.venv\Lib\site-packages\fastapi\routing.py", line 1800, in _handle_selected
    await original_route.handle(scope, receive, send)
  File "D:\AITHUCCHIEN\11236199-LeDangTan-Happynest-Thesis\backend\.venv\Lib\site-packages\fastapi\routing.py", line 1279, in handle
    await app(scope, receive, send)
  File "D:\AITHUCCHIEN\11236199-LeDangTan-Happynest-Thesis\backend\.venv\Lib\site-packages\fastapi\routing.py", line 158, in app
    await wrap_app_handling_exceptions(app, request)(scope, receive, send)
  File "D:\AITHUCCHIEN\11236199-LeDangTan-Happynest-Thesis\backend\.venv\Lib\site-packages\starlette\_exception_handler.py", line 53, in wrapped_app
    raise exc
  File "D:\AITHUCCHIEN\11236199-LeDangTan-Happynest-Thesis\backend\.venv\Lib\site-packages\starlette\_exception_handler.py", line 42, in wrapped_app
    await app(scope, receive, sender)
  File "D:\AITHUCCHIEN\11236199-LeDangTan-Happynest-Thesis\backend\.venv\Lib\site-packages\fastapi\routing.py", line 144, in app
    response = await f(request)
               ^^^^^^^^^^^^^^^^
  File "D:\AITHUCCHIEN\11236199-LeDangTan-Happynest-Thesis\backend\.venv\Lib\site-packages\fastapi\routing.py", line 706, in app
    raw_response = await run_endpoint_function(
                   ^^^^^^^^^^^^^^^^^^^^^^^^^^^^
  File "D:\AITHUCCHIEN\11236199-LeDangTan-Happynest-Thesis\backend\.venv\Lib\site-packages\fastapi\routing.py", line 354, in run_endpoint_function
    return await run_in_threadpool(dependant.call, **values)
           ^^^^^^^^^^^^^^^^^^^^^^^^^^^^^^^^^^^^^^^^^^^^^^^^^
  File "D:\AITHUCCHIEN\11236199-LeDangTan-Happynest-Thesis\backend\.venv\Lib\site-packages\starlette\concurrency.py", line 34, in run_in_threadpool
    return await anyio.to_thread.run_sync(func)
           ^^^^^^^^^^^^^^^^^^^^^^^^^^^^^^^^^^^^
  File "D:\AITHUCCHIEN\11236199-LeDangTan-Happynest-Thesis\backend\.venv\Lib\site-packages\anyio\to_thread.py", line 65, in run_sync
    return await get_async_backend().run_sync_in_worker_thread(
           ^^^^^^^^^^^^^^^^^^^^^^^^^^^^^^^^^^^^^^^^^^^^^^^^^^^^
  File "D:\AITHUCCHIEN\11236199-LeDangTan-Happynest-Thesis\backend\.venv\Lib\site-packages\anyio\_backends\_asyncio.py", line 2641, in run_sync_in_worker_thread
    return await future
           ^^^^^^^^^^^^
  File "D:\AITHUCCHIEN\11236199-LeDangTan-Happynest-Thesis\backend\.venv\Lib\site-packages\anyio\_backends\_asyncio.py", line 1033, in run
    result = context.run(func, *args)
             ^^^^^^^^^^^^^^^^^^^^^^^^
  File "D:\AITHUCCHIEN\11236199-LeDangTan-Happynest-Thesis\backend\app\api\routes\analysis.py", line 117, in list_analysis_runs
    rows = session.scalars(
           ^^^^^^^^^^^^^^^^
  File "D:\AITHUCCHIEN\11236199-LeDangTan-Happynest-Thesis\backend\.venv\Lib\site-packages\sqlalchemy\orm\session.py", line 2481, in scalars
    return self._execute_internal(
           ^^^^^^^^^^^^^^^^^^^^^^^
  File "D:\AITHUCCHIEN\11236199-LeDangTan-Happynest-Thesis\backend\.venv\Lib\site-packages\sqlalchemy\orm\session.py", line 2271, in _execute_internal
    result: Result[Any] = compile_state_cls.orm_execute_statement(
                          ^^^^^^^^^^^^^^^^^^^^^^^^^^^^^^^^^^^^^^^^
  File "D:\AITHUCCHIEN\11236199-LeDangTan-Happynest-Thesis\backend\.venv\Lib\site-packages\sqlalchemy\orm\context.py", line 306, in orm_execute_statement
    result = conn.execute(
             ^^^^^^^^^^^^^
  File "D:\AITHUCCHIEN\11236199-LeDangTan-Happynest-Thesis\backend\.venv\Lib\site-packages\sqlalchemy\engine\base.py", line 1421, in execute
    return meth(
           ^^^^^
  File "D:\AITHUCCHIEN\11236199-LeDangTan-Happynest-Thesis\backend\.venv\Lib\site-packages\sqlalchemy\sql\elements.py", line 526, in _execute_on_connection
    return connection._execute_clauseelement(
           ^^^^^^^^^^^^^^^^^^^^^^^^^^^^^^^^^^
  File "D:\AITHUCCHIEN\11236199-LeDangTan-Happynest-Thesis\backend\.venv\Lib\site-packages\sqlalchemy\engine\base.py", line 1643, in _execute_clauseelement
    ret = self._execute_context(
          ^^^^^^^^^^^^^^^^^^^^^^
  File "D:\AITHUCCHIEN\11236199-LeDangTan-Happynest-Thesis\backend\.venv\Lib\site-packages\sqlalchemy\engine\base.py", line 1848, in _execute_context
    return self._exec_single_context(
           ^^^^^^^^^^^^^^^^^^^^^^^^^^
  File "D:\AITHUCCHIEN\11236199-LeDangTan-Happynest-Thesis\backend\.venv\Lib\site-packages\sqlalchemy\engine\base.py", line 1988, in _exec_single_context
    self._handle_dbapi_exception(
  File "D:\AITHUCCHIEN\11236199-LeDangTan-Happynest-Thesis\backend\.venv\Lib\site-packages\sqlalchemy\engine\base.py", line 2365, in _handle_dbapi_exception
    raise sqlalchemy_exception.with_traceback(exc_info[2]) from e
  File "D:\AITHUCCHIEN\11236199-LeDangTan-Happynest-Thesis\backend\.venv\Lib\site-packages\sqlalchemy\engine\base.py", line 1969, in _exec_single_context
    self.dialect.do_execute(
  File "D:\AITHUCCHIEN\11236199-LeDangTan-Happynest-Thesis\backend\.venv\Lib\site-packages\sqlalchemy\engine\default.py", line 952, in do_execute
    cursor.execute(statement, parameters)
  File "D:\AITHUCCHIEN\11236199-LeDangTan-Happynest-Thesis\backend\.venv\Lib\site-packages\psycopg\cursor.py", line 117, in execute
    raise ex.with_traceback(None)
sqlalchemy.exc.ProgrammingError: (psycopg.errors.UndefinedColumn) column analysis_runs.import_id does not exist
LINE 1: ...ns.prompt_version, analysis_runs.embedding_model, analysis_r...
                                                             ^
[SQL: SELECT analysis_runs.id, analysis_runs.pipeline_version, analysis_runs.llm_model, analysis_runs.prompt_version, analysis_runs.embedding_model, analysis_runs.import_id, analysis_runs.mode, analysis_runs.chunk_size, analysis_runs.failed_count, analysis_runs.cancel_requested_at, analysis_runs.started_at, analysis_runs.completed_at, analysis_runs.status, analysis_runs.processed_count, analysis_runs.total_count, analysis_runs.error 
FROM analysis_runs ORDER BY analysis_runs.started_at DESC 
 LIMIT %(param_1)s::INTEGER]
[parameters: {'param_1': 50}]
(Background on this error at: https://sqlalche.me/e/20/f405)
2026-08-30 17:56:10,663 ERROR    app.main unhandled error on GET /api/imports: (psycopg.errors.UndefinedColumn) column imports.original_filename does not exist
LINE 1: ...ct_id, imports.source_type, imports.storage_path, imports.or...
                                                             ^
[SQL: SELECT imports.id, imports.product_id, imports.source_type, imports.storage_path, imports.original_filename, imports.mapping_version, imports.schema_version, imports.status, imports.row_count, imports.source_row_count, imports.error, imports.column_profiles, imports.mapping_started_at, imports.mapping_proposal, imports.report, imports.created_at 
FROM imports ORDER BY CASE WHEN (imports.status IN (%(status_1_1)s, %(status_1_2)s, %(status_1_3)s)) THEN %(param_1)s::INTEGER WHEN (imports.status IN (%(status_2_1)s, %(status_2_2)s)) THEN %(param_2)s::INTEGER ELSE %(param_3)s::INTEGER END, imports.created_at DESC 
 LIMIT %(param_4)s::INTEGER OFFSET %(param_5)s::INTEGER]
[parameters: {'param_1': 0, 'param_2': 1, 'param_3': 2, 'param_4': 50, 'param_5': 0, 'status_1_1': 'profile_ready', 'status_1_2': 'mapping_review', 'status_1_3': 'failed', 'status_2_1': 'mapping_generating', 'status_2_2': 'importing'}]
(Background on this error at: https://sqlalche.me/e/20/f405)
ERROR:    Exception in ASGI application
Traceback (most recent call last):
  File "D:\AITHUCCHIEN\11236199-LeDangTan-Happynest-Thesis\backend\.venv\Lib\site-packages\sqlalchemy\engine\base.py", line 1969, in _exec_single_context
    self.dialect.do_execute(
  File "D:\AITHUCCHIEN\11236199-LeDangTan-Happynest-Thesis\backend\.venv\Lib\site-packages\sqlalchemy\engine\default.py", line 952, in do_execute
    cursor.execute(statement, parameters)
  File "D:\AITHUCCHIEN\11236199-LeDangTan-Happynest-Thesis\backend\.venv\Lib\site-packages\psycopg\cursor.py", line 117, in execute
    raise ex.with_traceback(None)
psycopg.errors.UndefinedColumn: column imports.original_filename does not exist
LINE 1: ...ct_id, imports.source_type, imports.storage_path, imports.or...
                                                             ^

The above exception was the direct cause of the following exception:

Traceback (most recent call last):
  File "D:\AITHUCCHIEN\11236199-LeDangTan-Happynest-Thesis\backend\.venv\Lib\site-packages\uvicorn\protocols\http\h11_impl.py", line 416, in run_asgi
    result = await app(  # type: ignore[func-returns-value]
             ^^^^^^^^^^^^^^^^^^^^^^^^^^^^^^^^^^^^^^^^^^^^^^
  File "D:\AITHUCCHIEN\11236199-LeDangTan-Happynest-Thesis\backend\.venv\Lib\site-packages\uvicorn\middleware\proxy_headers.py", line 63, in __call__
    return await self.app(scope, receive, send)
           ^^^^^^^^^^^^^^^^^^^^^^^^^^^^^^^^^^^^
  File "D:\AITHUCCHIEN\11236199-LeDangTan-Happynest-Thesis\backend\.venv\Lib\site-packages\fastapi\applications.py", line 1163, in __call__
    await super().__call__(scope, receive, send)
  File "D:\AITHUCCHIEN\11236199-LeDangTan-Happynest-Thesis\backend\.venv\Lib\site-packages\starlette\applications.py", line 96, in __call__
    await self.middleware_stack(scope, receive, send)
  File "D:\AITHUCCHIEN\11236199-LeDangTan-Happynest-Thesis\backend\.venv\Lib\site-packages\starlette\middleware\errors.py", line 186, in __call__
    raise exc
  File "D:\AITHUCCHIEN\11236199-LeDangTan-Happynest-Thesis\backend\.venv\Lib\site-packages\starlette\middleware\errors.py", line 164, in __call__
    await self.app(scope, receive, _send)
  File "D:\AITHUCCHIEN\11236199-LeDangTan-Happynest-Thesis\backend\.venv\Lib\site-packages\starlette\middleware\cors.py", line 88, in __call__
    await self.app(scope, receive, send)
  File "D:\AITHUCCHIEN\11236199-LeDangTan-Happynest-Thesis\backend\.venv\Lib\site-packages\starlette\middleware\exceptions.py", line 63, in __call__
    await wrap_app_handling_exceptions(self.app, conn)(scope, receive, send)
  File "D:\AITHUCCHIEN\11236199-LeDangTan-Happynest-Thesis\backend\.venv\Lib\site-packages\starlette\_exception_handler.py", line 53, in wrapped_app
    raise exc
  File "D:\AITHUCCHIEN\11236199-LeDangTan-Happynest-Thesis\backend\.venv\Lib\site-packages\starlette\_exception_handler.py", line 42, in wrapped_app
    await app(scope, receive, sender)
  File "D:\AITHUCCHIEN\11236199-LeDangTan-Happynest-Thesis\backend\.venv\Lib\site-packages\fastapi\middleware\asyncexitstack.py", line 18, in __call__
    await self.app(scope, receive, send)
  File "D:\AITHUCCHIEN\11236199-LeDangTan-Happynest-Thesis\backend\.venv\Lib\site-packages\starlette\routing.py", line 670, in __call__
    await self.middleware_stack(scope, receive, send)
  File "D:\AITHUCCHIEN\11236199-LeDangTan-Happynest-Thesis\backend\.venv\Lib\site-packages\fastapi\routing.py", line 2734, in app
    await route.handle(scope, receive, send)
  File "D:\AITHUCCHIEN\11236199-LeDangTan-Happynest-Thesis\backend\.venv\Lib\site-packages\fastapi\routing.py", line 1780, in handle
    await self.original_router.handle(scope, receive, send)
  File "D:\AITHUCCHIEN\11236199-LeDangTan-Happynest-Thesis\backend\.venv\Lib\site-packages\fastapi\routing.py", line 2789, in handle
    await included_router._handle_selected(scope, receive, send)
  File "D:\AITHUCCHIEN\11236199-LeDangTan-Happynest-Thesis\backend\.venv\Lib\site-packages\fastapi\routing.py", line 1800, in _handle_selected
    await original_route.handle(scope, receive, send)
  File "D:\AITHUCCHIEN\11236199-LeDangTan-Happynest-Thesis\backend\.venv\Lib\site-packages\fastapi\routing.py", line 1279, in handle
    await app(scope, receive, send)
  File "D:\AITHUCCHIEN\11236199-LeDangTan-Happynest-Thesis\backend\.venv\Lib\site-packages\fastapi\routing.py", line 158, in app
    await wrap_app_handling_exceptions(app, request)(scope, receive, send)
  File "D:\AITHUCCHIEN\11236199-LeDangTan-Happynest-Thesis\backend\.venv\Lib\site-packages\starlette\_exception_handler.py", line 53, in wrapped_app
    raise exc
  File "D:\AITHUCCHIEN\11236199-LeDangTan-Happynest-Thesis\backend\.venv\Lib\site-packages\starlette\_exception_handler.py", line 42, in wrapped_app
    await app(scope, receive, sender)
  File "D:\AITHUCCHIEN\11236199-LeDangTan-Happynest-Thesis\backend\.venv\Lib\site-packages\fastapi\routing.py", line 144, in app
    response = await f(request)
               ^^^^^^^^^^^^^^^^
  File "D:\AITHUCCHIEN\11236199-LeDangTan-Happynest-Thesis\backend\.venv\Lib\site-packages\fastapi\routing.py", line 706, in app
    raw_response = await run_endpoint_function(
                   ^^^^^^^^^^^^^^^^^^^^^^^^^^^^
  File "D:\AITHUCCHIEN\11236199-LeDangTan-Happynest-Thesis\backend\.venv\Lib\site-packages\fastapi\routing.py", line 354, in run_endpoint_function
    return await run_in_threadpool(dependant.call, **values)
           ^^^^^^^^^^^^^^^^^^^^^^^^^^^^^^^^^^^^^^^^^^^^^^^^^
  File "D:\AITHUCCHIEN\11236199-LeDangTan-Happynest-Thesis\backend\.venv\Lib\site-packages\starlette\concurrency.py", line 34, in run_in_threadpool
    return await anyio.to_thread.run_sync(func)
           ^^^^^^^^^^^^^^^^^^^^^^^^^^^^^^^^^^^^
  File "D:\AITHUCCHIEN\11236199-LeDangTan-Happynest-Thesis\backend\.venv\Lib\site-packages\anyio\to_thread.py", line 65, in run_sync
    return await get_async_backend().run_sync_in_worker_thread(
           ^^^^^^^^^^^^^^^^^^^^^^^^^^^^^^^^^^^^^^^^^^^^^^^^^^^^
  File "D:\AITHUCCHIEN\11236199-LeDangTan-Happynest-Thesis\backend\.venv\Lib\site-packages\anyio\_backends\_asyncio.py", line 2641, in run_sync_in_worker_thread
    return await future
           ^^^^^^^^^^^^
  File "D:\AITHUCCHIEN\11236199-LeDangTan-Happynest-Thesis\backend\.venv\Lib\site-packages\anyio\_backends\_asyncio.py", line 1033, in run
    result = context.run(func, *args)
             ^^^^^^^^^^^^^^^^^^^^^^^^
  File "D:\AITHUCCHIEN\11236199-LeDangTan-Happynest-Thesis\backend\app\api\routes\imports.py", line 121, in list_imports
    rows = session.scalars(
           ^^^^^^^^^^^^^^^^
  File "D:\AITHUCCHIEN\11236199-LeDangTan-Happynest-Thesis\backend\.venv\Lib\site-packages\sqlalchemy\orm\session.py", line 2481, in scalars
    return self._execute_internal(
           ^^^^^^^^^^^^^^^^^^^^^^^
  File "D:\AITHUCCHIEN\11236199-LeDangTan-Happynest-Thesis\backend\.venv\Lib\site-packages\sqlalchemy\orm\session.py", line 2271, in _execute_internal
    result: Result[Any] = compile_state_cls.orm_execute_statement(
                          ^^^^^^^^^^^^^^^^^^^^^^^^^^^^^^^^^^^^^^^^
  File "D:\AITHUCCHIEN\11236199-LeDangTan-Happynest-Thesis\backend\.venv\Lib\site-packages\sqlalchemy\orm\context.py", line 306, in orm_execute_statement
    result = conn.execute(
             ^^^^^^^^^^^^^
  File "D:\AITHUCCHIEN\11236199-LeDangTan-Happynest-Thesis\backend\.venv\Lib\site-packages\sqlalchemy\engine\base.py", line 1421, in execute
    return meth(
           ^^^^^
  File "D:\AITHUCCHIEN\11236199-LeDangTan-Happynest-Thesis\backend\.venv\Lib\site-packages\sqlalchemy\sql\elements.py", line 526, in _execute_on_connection
    return connection._execute_clauseelement(
           ^^^^^^^^^^^^^^^^^^^^^^^^^^^^^^^^^^
  File "D:\AITHUCCHIEN\11236199-LeDangTan-Happynest-Thesis\backend\.venv\Lib\site-packages\sqlalchemy\engine\base.py", line 1643, in _execute_clauseelement
    ret = self._execute_context(
          ^^^^^^^^^^^^^^^^^^^^^^
  File "D:\AITHUCCHIEN\11236199-LeDangTan-Happynest-Thesis\backend\.venv\Lib\site-packages\sqlalchemy\engine\base.py", line 1848, in _execute_context
    return self._exec_single_context(
           ^^^^^^^^^^^^^^^^^^^^^^^^^^
  File "D:\AITHUCCHIEN\11236199-LeDangTan-Happynest-Thesis\backend\.venv\Lib\site-packages\sqlalchemy\engine\base.py", line 1988, in _exec_single_context
    self._handle_dbapi_exception(
  File "D:\AITHUCCHIEN\11236199-LeDangTan-Happynest-Thesis\backend\.venv\Lib\site-packages\sqlalchemy\engine\base.py", line 2365, in _handle_dbapi_exception
    raise sqlalchemy_exception.with_traceback(exc_info[2]) from e
  File "D:\AITHUCCHIEN\11236199-LeDangTan-Happynest-Thesis\backend\.venv\Lib\site-packages\sqlalchemy\engine\base.py", line 1969, in _exec_single_context
    self.dialect.do_execute(
  File "D:\AITHUCCHIEN\11236199-LeDangTan-Happynest-Thesis\backend\.venv\Lib\site-packages\sqlalchemy\engine\default.py", line 952, in do_execute
    cursor.execute(statement, parameters)
  File "D:\AITHUCCHIEN\11236199-LeDangTan-Happynest-Thesis\backend\.venv\Lib\site-packages\psycopg\cursor.py", line 117, in execute
    raise ex.with_traceback(None)
sqlalchemy.exc.ProgrammingError: (psycopg.errors.UndefinedColumn) column imports.original_filename does not exist
LINE 1: ...ct_id, imports.source_type, imports.storage_path, imports.or...
                                                             ^
[SQL: SELECT imports.id, imports.product_id, imports.source_type, imports.storage_path, imports.original_filename, imports.mapping_version, imports.schema_version, imports.status, imports.row_count, imports.source_row_count, imports.error, imports.column_profiles, imports.mapping_started_at, imports.mapping_proposal, imports.report, imports.created_at 
FROM imports ORDER BY CASE WHEN (imports.status IN (%(status_1_1)s, %(status_1_2)s, %(status_1_3)s)) THEN %(param_1)s::INTEGER WHEN (imports.status IN (%(status_2_1)s, %(status_2_2)s)) THEN %(param_2)s::INTEGER ELSE %(param_3)s::INTEGER END, imports.created_at DESC 
 LIMIT %(param_4)s::INTEGER OFFSET %(param_5)s::INTEGER]
[parameters: {'param_1': 0, 'param_2': 1, 'param_3': 2, 'param_4': 50, 'param_5': 0, 'status_1_1': 'profile_ready', 'status_1_2': 'mapping_review', 'status_1_3': 'failed', 'status_2_1': 'mapping_generating', 'status_2_2': 'importing'}]
(Background on this error at: https://sqlalche.me/e/20/f405)
2026-08-30 17:56:11,343 ERROR    app.main unhandled error on GET /api/analysis/runs: (psycopg.errors.UndefinedColumn) column analysis_runs.import_id does not exist
LINE 1: ...ns.prompt_version, analysis_runs.embedding_model, analysis_r...
                                                             ^
[SQL: SELECT analysis_runs.id, analysis_runs.pipeline_version, analysis_runs.llm_model, analysis_runs.prompt_version, analysis_runs.embedding_model, analysis_runs.import_id, analysis_runs.mode, analysis_runs.chunk_size, analysis_runs.failed_count, analysis_runs.cancel_requested_at, analysis_runs.started_at, analysis_runs.completed_at, analysis_runs.status, analysis_runs.processed_count, analysis_runs.total_count, analysis_runs.error 
FROM analysis_runs ORDER BY analysis_runs.started_at DESC 
 LIMIT %(param_1)s::INTEGER]
[parameters: {'param_1': 50}]
(Background on this error at: https://sqlalche.me/e/20/f405)
ERROR:    Exception in ASGI application
Traceback (most recent call last):
  File "D:\AITHUCCHIEN\11236199-LeDangTan-Happynest-Thesis\backend\.venv\Lib\site-packages\sqlalchemy\engine\base.py", line 1969, in _exec_single_context
    self.dialect.do_execute(
  File "D:\AITHUCCHIEN\11236199-LeDangTan-Happynest-Thesis\backend\.venv\Lib\site-packages\sqlalchemy\engine\default.py", line 952, in do_execute
    cursor.execute(statement, parameters)
  File "D:\AITHUCCHIEN\11236199-LeDangTan-Happynest-Thesis\backend\.venv\Lib\site-packages\psycopg\cursor.py", line 117, in execute
    raise ex.with_traceback(None)
psycopg.errors.UndefinedColumn: column analysis_runs.import_id does not exist
LINE 1: ...ns.prompt_version, analysis_runs.embedding_model, analysis_r...
                                                             ^

The above exception was the direct cause of the following exception:

Traceback (most recent call last):
  File "D:\AITHUCCHIEN\11236199-LeDangTan-Happynest-Thesis\backend\.venv\Lib\site-packages\uvicorn\protocols\http\h11_impl.py", line 416, in run_asgi
    result = await app(  # type: ignore[func-returns-value]
             ^^^^^^^^^^^^^^^^^^^^^^^^^^^^^^^^^^^^^^^^^^^^^^
  File "D:\AITHUCCHIEN\11236199-LeDangTan-Happynest-Thesis\backend\.venv\Lib\site-packages\uvicorn\middleware\proxy_headers.py", line 63, in __call__
    return await self.app(scope, receive, send)
           ^^^^^^^^^^^^^^^^^^^^^^^^^^^^^^^^^^^^
  File "D:\AITHUCCHIEN\11236199-LeDangTan-Happynest-Thesis\backend\.venv\Lib\site-packages\fastapi\applications.py", line 1163, in __call__
    await super().__call__(scope, receive, send)
  File "D:\AITHUCCHIEN\11236199-LeDangTan-Happynest-Thesis\backend\.venv\Lib\site-packages\starlette\applications.py", line 96, in __call__
    await self.middleware_stack(scope, receive, send)
  File "D:\AITHUCCHIEN\11236199-LeDangTan-Happynest-Thesis\backend\.venv\Lib\site-packages\starlette\middleware\errors.py", line 186, in __call__
    raise exc
  File "D:\AITHUCCHIEN\11236199-LeDangTan-Happynest-Thesis\backend\.venv\Lib\site-packages\starlette\middleware\errors.py", line 164, in __call__
    await self.app(scope, receive, _send)
  File "D:\AITHUCCHIEN\11236199-LeDangTan-Happynest-Thesis\backend\.venv\Lib\site-packages\starlette\middleware\cors.py", line 88, in __call__
    await self.app(scope, receive, send)
  File "D:\AITHUCCHIEN\11236199-LeDangTan-Happynest-Thesis\backend\.venv\Lib\site-packages\starlette\middleware\exceptions.py", line 63, in __call__
    await wrap_app_handling_exceptions(self.app, conn)(scope, receive, send)
  File "D:\AITHUCCHIEN\11236199-LeDangTan-Happynest-Thesis\backend\.venv\Lib\site-packages\starlette\_exception_handler.py", line 53, in wrapped_app
    raise exc
  File "D:\AITHUCCHIEN\11236199-LeDangTan-Happynest-Thesis\backend\.venv\Lib\site-packages\starlette\_exception_handler.py", line 42, in wrapped_app
    await app(scope, receive, sender)
  File "D:\AITHUCCHIEN\11236199-LeDangTan-Happynest-Thesis\backend\.venv\Lib\site-packages\fastapi\middleware\asyncexitstack.py", line 18, in __call__
    await self.app(scope, receive, send)
  File "D:\AITHUCCHIEN\11236199-LeDangTan-Happynest-Thesis\backend\.venv\Lib\site-packages\starlette\routing.py", line 670, in __call__
    await self.middleware_stack(scope, receive, send)
  File "D:\AITHUCCHIEN\11236199-LeDangTan-Happynest-Thesis\backend\.venv\Lib\site-packages\fastapi\routing.py", line 2734, in app
    await route.handle(scope, receive, send)
  File "D:\AITHUCCHIEN\11236199-LeDangTan-Happynest-Thesis\backend\.venv\Lib\site-packages\fastapi\routing.py", line 1780, in handle
    await self.original_router.handle(scope, receive, send)
  File "D:\AITHUCCHIEN\11236199-LeDangTan-Happynest-Thesis\backend\.venv\Lib\site-packages\fastapi\routing.py", line 2789, in handle
    await included_router._handle_selected(scope, receive, send)
  File "D:\AITHUCCHIEN\11236199-LeDangTan-Happynest-Thesis\backend\.venv\Lib\site-packages\fastapi\routing.py", line 1800, in _handle_selected
    await original_route.handle(scope, receive, send)
  File "D:\AITHUCCHIEN\11236199-LeDangTan-Happynest-Thesis\backend\.venv\Lib\site-packages\fastapi\routing.py", line 1279, in handle
    await app(scope, receive, send)
  File "D:\AITHUCCHIEN\11236199-LeDangTan-Happynest-Thesis\backend\.venv\Lib\site-packages\fastapi\routing.py", line 158, in app
    await wrap_app_handling_exceptions(app, request)(scope, receive, send)
  File "D:\AITHUCCHIEN\11236199-LeDangTan-Happynest-Thesis\backend\.venv\Lib\site-packages\starlette\_exception_handler.py", line 53, in wrapped_app
    raise exc
  File "D:\AITHUCCHIEN\11236199-LeDangTan-Happynest-Thesis\backend\.venv\Lib\site-packages\starlette\_exception_handler.py", line 42, in wrapped_app
    await app(scope, receive, sender)
  File "D:\AITHUCCHIEN\11236199-LeDangTan-Happynest-Thesis\backend\.venv\Lib\site-packages\fastapi\routing.py", line 144, in app
    response = await f(request)
               ^^^^^^^^^^^^^^^^
  File "D:\AITHUCCHIEN\11236199-LeDangTan-Happynest-Thesis\backend\.venv\Lib\site-packages\fastapi\routing.py", line 706, in app
    raw_response = await run_endpoint_function(
                   ^^^^^^^^^^^^^^^^^^^^^^^^^^^^
  File "D:\AITHUCCHIEN\11236199-LeDangTan-Happynest-Thesis\backend\.venv\Lib\site-packages\fastapi\routing.py", line 354, in run_endpoint_function
    return await run_in_threadpool(dependant.call, **values)
           ^^^^^^^^^^^^^^^^^^^^^^^^^^^^^^^^^^^^^^^^^^^^^^^^^
  File "D:\AITHUCCHIEN\11236199-LeDangTan-Happynest-Thesis\backend\.venv\Lib\site-packages\starlette\concurrency.py", line 34, in run_in_threadpool
    return await anyio.to_thread.run_sync(func)
           ^^^^^^^^^^^^^^^^^^^^^^^^^^^^^^^^^^^^
  File "D:\AITHUCCHIEN\11236199-LeDangTan-Happynest-Thesis\backend\.venv\Lib\site-packages\anyio\to_thread.py", line 65, in run_sync
    return await get_async_backend().run_sync_in_worker_thread(
           ^^^^^^^^^^^^^^^^^^^^^^^^^^^^^^^^^^^^^^^^^^^^^^^^^^^^
  File "D:\AITHUCCHIEN\11236199-LeDangTan-Happynest-Thesis\backend\.venv\Lib\site-packages\anyio\_backends\_asyncio.py", line 2641, in run_sync_in_worker_thread
    return await future
           ^^^^^^^^^^^^
  File "D:\AITHUCCHIEN\11236199-LeDangTan-Happynest-Thesis\backend\.venv\Lib\site-packages\anyio\_backends\_asyncio.py", line 1033, in run
    result = context.run(func, *args)
             ^^^^^^^^^^^^^^^^^^^^^^^^
  File "D:\AITHUCCHIEN\11236199-LeDangTan-Happynest-Thesis\backend\app\api\routes\analysis.py", line 117, in list_analysis_runs
    rows = session.scalars(
           ^^^^^^^^^^^^^^^^
  File "D:\AITHUCCHIEN\11236199-LeDangTan-Happynest-Thesis\backend\.venv\Lib\site-packages\sqlalchemy\orm\session.py", line 2481, in scalars
    return self._execute_internal(
           ^^^^^^^^^^^^^^^^^^^^^^^
  File "D:\AITHUCCHIEN\11236199-LeDangTan-Happynest-Thesis\backend\.venv\Lib\site-packages\sqlalchemy\orm\session.py", line 2271, in _execute_internal
    result: Result[Any] = compile_state_cls.orm_execute_statement(
                          ^^^^^^^^^^^^^^^^^^^^^^^^^^^^^^^^^^^^^^^^
  File "D:\AITHUCCHIEN\11236199-LeDangTan-Happynest-Thesis\backend\.venv\Lib\site-packages\sqlalchemy\orm\context.py", line 306, in orm_execute_statement
    result = conn.execute(
             ^^^^^^^^^^^^^
  File "D:\AITHUCCHIEN\11236199-LeDangTan-Happynest-Thesis\backend\.venv\Lib\site-packages\sqlalchemy\engine\base.py", line 1421, in execute
    return meth(
           ^^^^^
  File "D:\AITHUCCHIEN\11236199-LeDangTan-Happynest-Thesis\backend\.venv\Lib\site-packages\sqlalchemy\sql\elements.py", line 526, in _execute_on_connection
    return connection._execute_clauseelement(
           ^^^^^^^^^^^^^^^^^^^^^^^^^^^^^^^^^^
  File "D:\AITHUCCHIEN\11236199-LeDangTan-Happynest-Thesis\backend\.venv\Lib\site-packages\sqlalchemy\engine\base.py", line 1643, in _execute_clauseelement
    ret = self._execute_context(
          ^^^^^^^^^^^^^^^^^^^^^^
  File "D:\AITHUCCHIEN\11236199-LeDangTan-Happynest-Thesis\backend\.venv\Lib\site-packages\sqlalchemy\engine\base.py", line 1848, in _execute_context
    return self._exec_single_context(
           ^^^^^^^^^^^^^^^^^^^^^^^^^^
  File "D:\AITHUCCHIEN\11236199-LeDangTan-Happynest-Thesis\backend\.venv\Lib\site-packages\sqlalchemy\engine\base.py", line 1988, in _exec_single_context
    self._handle_dbapi_exception(
  File "D:\AITHUCCHIEN\11236199-LeDangTan-Happynest-Thesis\backend\.venv\Lib\site-packages\sqlalchemy\engine\base.py", line 2365, in _handle_dbapi_exception
    raise sqlalchemy_exception.with_traceback(exc_info[2]) from e
  File "D:\AITHUCCHIEN\11236199-LeDangTan-Happynest-Thesis\backend\.venv\Lib\site-packages\sqlalchemy\engine\base.py", line 1969, in _exec_single_context
    self.dialect.do_execute(
  File "D:\AITHUCCHIEN\11236199-LeDangTan-Happynest-Thesis\backend\.venv\Lib\site-packages\sqlalchemy\engine\default.py", line 952, in do_execute
    cursor.execute(statement, parameters)
  File "D:\AITHUCCHIEN\11236199-LeDangTan-Happynest-Thesis\backend\.venv\Lib\site-packages\psycopg\cursor.py", line 117, in execute
    raise ex.with_traceback(None)
sqlalchemy.exc.ProgrammingError: (psycopg.errors.UndefinedColumn) column analysis_runs.import_id does not exist
LINE 1: ...ns.prompt_version, analysis_runs.embedding_model, analysis_r...
                                                             ^
[SQL: SELECT analysis_runs.id, analysis_runs.pipeline_version, analysis_runs.llm_model, analysis_runs.prompt_version, analysis_runs.embedding_model, analysis_runs.import_id, analysis_runs.mode, analysis_runs.chunk_size, analysis_runs.failed_count, analysis_runs.cancel_requested_at, analysis_runs.started_at, analysis_runs.completed_at, analysis_runs.status, analysis_runs.processed_count, analysis_runs.total_count, analysis_runs.error 
FROM analysis_runs ORDER BY analysis_runs.started_at DESC 
 LIMIT %(param_1)s::INTEGER]
[parameters: {'param_1': 50}]
(Background on this error at: https://sqlalche.me/e/20/f405)
2026-08-30 17:56:11,522 ERROR    app.main unhandled error on GET /api/imports: (psycopg.errors.UndefinedColumn) column imports.original_filename does not exist
LINE 1: ...ct_id, imports.source_type, imports.storage_path, imports.or...
                                                             ^
[SQL: SELECT imports.id, imports.product_id, imports.source_type, imports.storage_path, imports.original_filename, imports.mapping_version, imports.schema_version, imports.status, imports.row_count, imports.source_row_count, imports.error, imports.column_profiles, imports.mapping_started_at, imports.mapping_proposal, imports.report, imports.created_at 
FROM imports ORDER BY CASE WHEN (imports.status IN (%(status_1_1)s, %(status_1_2)s, %(status_1_3)s)) THEN %(param_1)s::INTEGER WHEN (imports.status IN (%(status_2_1)s, %(status_2_2)s)) THEN %(param_2)s::INTEGER ELSE %(param_3)s::INTEGER END, imports.created_at DESC 
 LIMIT %(param_4)s::INTEGER OFFSET %(param_5)s::INTEGER]
[parameters: {'param_1': 0, 'param_2': 1, 'param_3': 2, 'param_4': 50, 'param_5': 0, 'status_1_1': 'profile_ready', 'status_1_2': 'mapping_review', 'status_1_3': 'failed', 'status_2_1': 'mapping_generating', 'status_2_2': 'importing'}]
(Background on this error at: https://sqlalche.me/e/20/f405)
ERROR:    Exception in ASGI application
Traceback (most recent call last):
  File "D:\AITHUCCHIEN\11236199-LeDangTan-Happynest-Thesis\backend\.venv\Lib\site-packages\sqlalchemy\engine\base.py", line 1969, in _exec_single_context
    self.dialect.do_execute(
  File "D:\AITHUCCHIEN\11236199-LeDangTan-Happynest-Thesis\backend\.venv\Lib\site-packages\sqlalchemy\engine\default.py", line 952, in do_execute
    cursor.execute(statement, parameters)
  File "D:\AITHUCCHIEN\11236199-LeDangTan-Happynest-Thesis\backend\.venv\Lib\site-packages\psycopg\cursor.py", line 117, in execute
    raise ex.with_traceback(None)
psycopg.errors.UndefinedColumn: column imports.original_filename does not exist
LINE 1: ...ct_id, imports.source_type, imports.storage_path, imports.or...
                                                             ^

The above exception was the direct cause of the following exception:

Traceback (most recent call last):
  File "D:\AITHUCCHIEN\11236199-LeDangTan-Happynest-Thesis\backend\.venv\Lib\site-packages\uvicorn\protocols\http\h11_impl.py", line 416, in run_asgi
    result = await app(  # type: ignore[func-returns-value]
             ^^^^^^^^^^^^^^^^^^^^^^^^^^^^^^^^^^^^^^^^^^^^^^
  File "D:\AITHUCCHIEN\11236199-LeDangTan-Happynest-Thesis\backend\.venv\Lib\site-packages\uvicorn\middleware\proxy_headers.py", line 63, in __call__
    return await self.app(scope, receive, send)
           ^^^^^^^^^^^^^^^^^^^^^^^^^^^^^^^^^^^^
  File "D:\AITHUCCHIEN\11236199-LeDangTan-Happynest-Thesis\backend\.venv\Lib\site-packages\fastapi\applications.py", line 1163, in __call__
    await super().__call__(scope, receive, send)
  File "D:\AITHUCCHIEN\11236199-LeDangTan-Happynest-Thesis\backend\.venv\Lib\site-packages\starlette\applications.py", line 96, in __call__
    await self.middleware_stack(scope, receive, send)
  File "D:\AITHUCCHIEN\11236199-LeDangTan-Happynest-Thesis\backend\.venv\Lib\site-packages\starlette\middleware\errors.py", line 186, in __call__
    raise exc
  File "D:\AITHUCCHIEN\11236199-LeDangTan-Happynest-Thesis\backend\.venv\Lib\site-packages\starlette\middleware\errors.py", line 164, in __call__
    await self.app(scope, receive, _send)
  File "D:\AITHUCCHIEN\11236199-LeDangTan-Happynest-Thesis\backend\.venv\Lib\site-packages\starlette\middleware\cors.py", line 88, in __call__
    await self.app(scope, receive, send)
  File "D:\AITHUCCHIEN\11236199-LeDangTan-Happynest-Thesis\backend\.venv\Lib\site-packages\starlette\middleware\exceptions.py", line 63, in __call__
    await wrap_app_handling_exceptions(self.app, conn)(scope, receive, send)
  File "D:\AITHUCCHIEN\11236199-LeDangTan-Happynest-Thesis\backend\.venv\Lib\site-packages\starlette\_exception_handler.py", line 53, in wrapped_app
    raise exc
  File "D:\AITHUCCHIEN\11236199-LeDangTan-Happynest-Thesis\backend\.venv\Lib\site-packages\starlette\_exception_handler.py", line 42, in wrapped_app
    await app(scope, receive, sender)
  File "D:\AITHUCCHIEN\11236199-LeDangTan-Happynest-Thesis\backend\.venv\Lib\site-packages\fastapi\middleware\asyncexitstack.py", line 18, in __call__
    await self.app(scope, receive, send)
  File "D:\AITHUCCHIEN\11236199-LeDangTan-Happynest-Thesis\backend\.venv\Lib\site-packages\starlette\routing.py", line 670, in __call__
    await self.middleware_stack(scope, receive, send)
  File "D:\AITHUCCHIEN\11236199-LeDangTan-Happynest-Thesis\backend\.venv\Lib\site-packages\fastapi\routing.py", line 2734, in app
    await route.handle(scope, receive, send)
  File "D:\AITHUCCHIEN\11236199-LeDangTan-Happynest-Thesis\backend\.venv\Lib\site-packages\fastapi\routing.py", line 1780, in handle
    await self.original_router.handle(scope, receive, send)
  File "D:\AITHUCCHIEN\11236199-LeDangTan-Happynest-Thesis\backend\.venv\Lib\site-packages\fastapi\routing.py", line 2789, in handle
    await included_router._handle_selected(scope, receive, send)
  File "D:\AITHUCCHIEN\11236199-LeDangTan-Happynest-Thesis\backend\.venv\Lib\site-packages\fastapi\routing.py", line 1800, in _handle_selected
    await original_route.handle(scope, receive, send)
  File "D:\AITHUCCHIEN\11236199-LeDangTan-Happynest-Thesis\backend\.venv\Lib\site-packages\fastapi\routing.py", line 1279, in handle
    await app(scope, receive, send)
  File "D:\AITHUCCHIEN\11236199-LeDangTan-Happynest-Thesis\backend\.venv\Lib\site-packages\fastapi\routing.py", line 158, in app
    await wrap_app_handling_exceptions(app, request)(scope, receive, send)
  File "D:\AITHUCCHIEN\11236199-LeDangTan-Happynest-Thesis\backend\.venv\Lib\site-packages\starlette\_exception_handler.py", line 53, in wrapped_app
    raise exc
  File "D:\AITHUCCHIEN\11236199-LeDangTan-Happynest-Thesis\backend\.venv\Lib\site-packages\starlette\_exception_handler.py", line 42, in wrapped_app
    await app(scope, receive, sender)
  File "D:\AITHUCCHIEN\11236199-LeDangTan-Happynest-Thesis\backend\.venv\Lib\site-packages\fastapi\routing.py", line 144, in app
    response = await f(request)
               ^^^^^^^^^^^^^^^^
  File "D:\AITHUCCHIEN\11236199-LeDangTan-Happynest-Thesis\backend\.venv\Lib\site-packages\fastapi\routing.py", line 706, in app
    raw_response = await run_endpoint_function(
                   ^^^^^^^^^^^^^^^^^^^^^^^^^^^^
  File "D:\AITHUCCHIEN\11236199-LeDangTan-Happynest-Thesis\backend\.venv\Lib\site-packages\fastapi\routing.py", line 354, in run_endpoint_function
    return await run_in_threadpool(dependant.call, **values)
           ^^^^^^^^^^^^^^^^^^^^^^^^^^^^^^^^^^^^^^^^^^^^^^^^^
  File "D:\AITHUCCHIEN\11236199-LeDangTan-Happynest-Thesis\backend\.venv\Lib\site-packages\starlette\concurrency.py", line 34, in run_in_threadpool
    return await anyio.to_thread.run_sync(func)
           ^^^^^^^^^^^^^^^^^^^^^^^^^^^^^^^^^^^^
  File "D:\AITHUCCHIEN\11236199-LeDangTan-Happynest-Thesis\backend\.venv\Lib\site-packages\anyio\to_thread.py", line 65, in run_sync
    return await get_async_backend().run_sync_in_worker_thread(
           ^^^^^^^^^^^^^^^^^^^^^^^^^^^^^^^^^^^^^^^^^^^^^^^^^^^^
  File "D:\AITHUCCHIEN\11236199-LeDangTan-Happynest-Thesis\backend\.venv\Lib\site-packages\anyio\_backends\_asyncio.py", line 2641, in run_sync_in_worker_thread
    return await future
           ^^^^^^^^^^^^
  File "D:\AITHUCCHIEN\11236199-LeDangTan-Happynest-Thesis\backend\.venv\Lib\site-packages\anyio\_backends\_asyncio.py", line 1033, in run
    result = context.run(func, *args)
             ^^^^^^^^^^^^^^^^^^^^^^^^
  File "D:\AITHUCCHIEN\11236199-LeDangTan-Happynest-Thesis\backend\app\api\routes\imports.py", line 121, in list_imports
    rows = session.scalars(
           ^^^^^^^^^^^^^^^^
  File "D:\AITHUCCHIEN\11236199-LeDangTan-Happynest-Thesis\backend\.venv\Lib\site-packages\sqlalchemy\orm\session.py", line 2481, in scalars
    return self._execute_internal(
           ^^^^^^^^^^^^^^^^^^^^^^^
  File "D:\AITHUCCHIEN\11236199-LeDangTan-Happynest-Thesis\backend\.venv\Lib\site-packages\sqlalchemy\orm\session.py", line 2271, in _execute_internal
    result: Result[Any] = compile_state_cls.orm_execute_statement(
                          ^^^^^^^^^^^^^^^^^^^^^^^^^^^^^^^^^^^^^^^^
  File "D:\AITHUCCHIEN\11236199-LeDangTan-Happynest-Thesis\backend\.venv\Lib\site-packages\sqlalchemy\orm\context.py", line 306, in orm_execute_statement
    result = conn.execute(
             ^^^^^^^^^^^^^
  File "D:\AITHUCCHIEN\11236199-LeDangTan-Happynest-Thesis\backend\.venv\Lib\site-packages\sqlalchemy\engine\base.py", line 1421, in execute
    return meth(
           ^^^^^
  File "D:\AITHUCCHIEN\11236199-LeDangTan-Happynest-Thesis\backend\.venv\Lib\site-packages\sqlalchemy\sql\elements.py", line 526, in _execute_on_connection
    return connection._execute_clauseelement(
           ^^^^^^^^^^^^^^^^^^^^^^^^^^^^^^^^^^
  File "D:\AITHUCCHIEN\11236199-LeDangTan-Happynest-Thesis\backend\.venv\Lib\site-packages\sqlalchemy\engine\base.py", line 1643, in _execute_clauseelement
    ret = self._execute_context(
          ^^^^^^^^^^^^^^^^^^^^^^
  File "D:\AITHUCCHIEN\11236199-LeDangTan-Happynest-Thesis\backend\.venv\Lib\site-packages\sqlalchemy\engine\base.py", line 1848, in _execute_context
    return self._exec_single_context(
           ^^^^^^^^^^^^^^^^^^^^^^^^^^
  File "D:\AITHUCCHIEN\11236199-LeDangTan-Happynest-Thesis\backend\.venv\Lib\site-packages\sqlalchemy\engine\base.py", line 1988, in _exec_single_context
    self._handle_dbapi_exception(
  File "D:\AITHUCCHIEN\11236199-LeDangTan-Happynest-Thesis\backend\.venv\Lib\site-packages\sqlalchemy\engine\base.py", line 2365, in _handle_dbapi_exception
    raise sqlalchemy_exception.with_traceback(exc_info[2]) from e
  File "D:\AITHUCCHIEN\11236199-LeDangTan-Happynest-Thesis\backend\.venv\Lib\site-packages\sqlalchemy\engine\base.py", line 1969, in _exec_single_context
    self.dialect.do_execute(
  File "D:\AITHUCCHIEN\11236199-LeDangTan-Happynest-Thesis\backend\.venv\Lib\site-packages\sqlalchemy\engine\default.py", line 952, in do_execute
    cursor.execute(statement, parameters)
  File "D:\AITHUCCHIEN\11236199-LeDangTan-Happynest-Thesis\backend\.venv\Lib\site-packages\psycopg\cursor.py", line 117, in execute
    raise ex.with_traceback(None)
sqlalchemy.exc.ProgrammingError: (psycopg.errors.UndefinedColumn) column imports.original_filename does not exist
LINE 1: ...ct_id, imports.source_type, imports.storage_path, imports.or...
                                                             ^
[SQL: SELECT imports.id, imports.product_id, imports.source_type, imports.storage_path, imports.original_filename, imports.mapping_version, imports.schema_version, imports.status, imports.row_count, imports.source_row_count, imports.error, imports.column_profiles, imports.mapping_started_at, imports.mapping_proposal, imports.report, imports.created_at 
FROM imports ORDER BY CASE WHEN (imports.status IN (%(status_1_1)s, %(status_1_2)s, %(status_1_3)s)) THEN %(param_1)s::INTEGER WHEN (imports.status IN (%(status_2_1)s, %(status_2_2)s)) THEN %(param_2)s::INTEGER ELSE %(param_3)s::INTEGER END, imports.created_at DESC 
 LIMIT %(param_4)s::INTEGER OFFSET %(param_5)s::INTEGER]
[parameters: {'param_1': 0, 'param_2': 1, 'param_3': 2, 'param_4': 50, 'param_5': 0, 'status_1_1': 'profile_ready', 'status_1_2': 'mapping_review', 'status_1_3': 'failed', 'status_2_1': 'mapping_generating', 'status_2_2': 'importing'}]
(Background on this error at: https://sqlalche.me/e/20/f405)
2026-08-30 17:56:12,482 ERROR    app.main unhandled error on GET /api/analysis/runs: (psycopg.errors.UndefinedColumn) column analysis_runs.import_id does not exist
LINE 1: ...ns.prompt_version, analysis_runs.embedding_model, analysis_r...
                                                             ^
[SQL: SELECT analysis_runs.id, analysis_runs.pipeline_version, analysis_runs.llm_model, analysis_runs.prompt_version, analysis_runs.embedding_model, analysis_runs.import_id, analysis_runs.mode, analysis_runs.chunk_size, analysis_runs.failed_count, analysis_runs.cancel_requested_at, analysis_runs.started_at, analysis_runs.completed_at, analysis_runs.status, analysis_runs.processed_count, analysis_runs.total_count, analysis_runs.error 
FROM analysis_runs ORDER BY analysis_runs.started_at DESC 
 LIMIT %(param_1)s::INTEGER]
[parameters: {'param_1': 50}]
(Background on this error at: https://sqlalche.me/e/20/f405)
ERROR:    Exception in ASGI application
Traceback (most recent call last):
  File "D:\AITHUCCHIEN\11236199-LeDangTan-Happynest-Thesis\backend\.venv\Lib\site-packages\sqlalchemy\engine\base.py", line 1969, in _exec_single_context
    self.dialect.do_execute(
  File "D:\AITHUCCHIEN\11236199-LeDangTan-Happynest-Thesis\backend\.venv\Lib\site-packages\sqlalchemy\engine\default.py", line 952, in do_execute
    cursor.execute(statement, parameters)
  File "D:\AITHUCCHIEN\11236199-LeDangTan-Happynest-Thesis\backend\.venv\Lib\site-packages\psycopg\cursor.py", line 117, in execute
    raise ex.with_traceback(None)
psycopg.errors.UndefinedColumn: column analysis_runs.import_id does not exist
LINE 1: ...ns.prompt_version, analysis_runs.embedding_model, analysis_r...
                                                             ^

The above exception was the direct cause of the following exception:

Traceback (most recent call last):
  File "D:\AITHUCCHIEN\11236199-LeDangTan-Happynest-Thesis\backend\.venv\Lib\site-packages\uvicorn\protocols\http\h11_impl.py", line 416, in run_asgi
    result = await app(  # type: ignore[func-returns-value]
             ^^^^^^^^^^^^^^^^^^^^^^^^^^^^^^^^^^^^^^^^^^^^^^
  File "D:\AITHUCCHIEN\11236199-LeDangTan-Happynest-Thesis\backend\.venv\Lib\site-packages\uvicorn\middleware\proxy_headers.py", line 63, in __call__
    return await self.app(scope, receive, send)
           ^^^^^^^^^^^^^^^^^^^^^^^^^^^^^^^^^^^^
  File "D:\AITHUCCHIEN\11236199-LeDangTan-Happynest-Thesis\backend\.venv\Lib\site-packages\fastapi\applications.py", line 1163, in __call__
    await super().__call__(scope, receive, send)
  File "D:\AITHUCCHIEN\11236199-LeDangTan-Happynest-Thesis\backend\.venv\Lib\site-packages\starlette\applications.py", line 96, in __call__
    await self.middleware_stack(scope, receive, send)
  File "D:\AITHUCCHIEN\11236199-LeDangTan-Happynest-Thesis\backend\.venv\Lib\site-packages\starlette\middleware\errors.py", line 186, in __call__
    raise exc
  File "D:\AITHUCCHIEN\11236199-LeDangTan-Happynest-Thesis\backend\.venv\Lib\site-packages\starlette\middleware\errors.py", line 164, in __call__
    await self.app(scope, receive, _send)
  File "D:\AITHUCCHIEN\11236199-LeDangTan-Happynest-Thesis\backend\.venv\Lib\site-packages\starlette\middleware\cors.py", line 88, in __call__
    await self.app(scope, receive, send)
  File "D:\AITHUCCHIEN\11236199-LeDangTan-Happynest-Thesis\backend\.venv\Lib\site-packages\starlette\middleware\exceptions.py", line 63, in __call__
    await wrap_app_handling_exceptions(self.app, conn)(scope, receive, send)
  File "D:\AITHUCCHIEN\11236199-LeDangTan-Happynest-Thesis\backend\.venv\Lib\site-packages\starlette\_exception_handler.py", line 53, in wrapped_app
    raise exc
  File "D:\AITHUCCHIEN\11236199-LeDangTan-Happynest-Thesis\backend\.venv\Lib\site-packages\starlette\_exception_handler.py", line 42, in wrapped_app
    await app(scope, receive, sender)
  File "D:\AITHUCCHIEN\11236199-LeDangTan-Happynest-Thesis\backend\.venv\Lib\site-packages\fastapi\middleware\asyncexitstack.py", line 18, in __call__
    await self.app(scope, receive, send)
  File "D:\AITHUCCHIEN\11236199-LeDangTan-Happynest-Thesis\backend\.venv\Lib\site-packages\starlette\routing.py", line 670, in __call__
    await self.middleware_stack(scope, receive, send)
  File "D:\AITHUCCHIEN\11236199-LeDangTan-Happynest-Thesis\backend\.venv\Lib\site-packages\fastapi\routing.py", line 2734, in app
    await route.handle(scope, receive, send)
  File "D:\AITHUCCHIEN\11236199-LeDangTan-Happynest-Thesis\backend\.venv\Lib\site-packages\fastapi\routing.py", line 1780, in handle
    await self.original_router.handle(scope, receive, send)
  File "D:\AITHUCCHIEN\11236199-LeDangTan-Happynest-Thesis\backend\.venv\Lib\site-packages\fastapi\routing.py", line 2789, in handle
    await included_router._handle_selected(scope, receive, send)
  File "D:\AITHUCCHIEN\11236199-LeDangTan-Happynest-Thesis\backend\.venv\Lib\site-packages\fastapi\routing.py", line 1800, in _handle_selected
    await original_route.handle(scope, receive, send)
  File "D:\AITHUCCHIEN\11236199-LeDangTan-Happynest-Thesis\backend\.venv\Lib\site-packages\fastapi\routing.py", line 1279, in handle
    await app(scope, receive, send)
  File "D:\AITHUCCHIEN\11236199-LeDangTan-Happynest-Thesis\backend\.venv\Lib\site-packages\fastapi\routing.py", line 158, in app
    await wrap_app_handling_exceptions(app, request)(scope, receive, send)
  File "D:\AITHUCCHIEN\11236199-LeDangTan-Happynest-Thesis\backend\.venv\Lib\site-packages\starlette\_exception_handler.py", line 53, in wrapped_app
    raise exc
  File "D:\AITHUCCHIEN\11236199-LeDangTan-Happynest-Thesis\backend\.venv\Lib\site-packages\starlette\_exception_handler.py", line 42, in wrapped_app
    await app(scope, receive, sender)
  File "D:\AITHUCCHIEN\11236199-LeDangTan-Happynest-Thesis\backend\.venv\Lib\site-packages\fastapi\routing.py", line 144, in app
    response = await f(request)
               ^^^^^^^^^^^^^^^^
  File "D:\AITHUCCHIEN\11236199-LeDangTan-Happynest-Thesis\backend\.venv\Lib\site-packages\fastapi\routing.py", line 706, in app
    raw_response = await run_endpoint_function(
                   ^^^^^^^^^^^^^^^^^^^^^^^^^^^^
  File "D:\AITHUCCHIEN\11236199-LeDangTan-Happynest-Thesis\backend\.venv\Lib\site-packages\fastapi\routing.py", line 354, in run_endpoint_function
    return await run_in_threadpool(dependant.call, **values)
           ^^^^^^^^^^^^^^^^^^^^^^^^^^^^^^^^^^^^^^^^^^^^^^^^^
  File "D:\AITHUCCHIEN\11236199-LeDangTan-Happynest-Thesis\backend\.venv\Lib\site-packages\starlette\concurrency.py", line 34, in run_in_threadpool
    return await anyio.to_thread.run_sync(func)
           ^^^^^^^^^^^^^^^^^^^^^^^^^^^^^^^^^^^^
  File "D:\AITHUCCHIEN\11236199-LeDangTan-Happynest-Thesis\backend\.venv\Lib\site-packages\anyio\to_thread.py", line 65, in run_sync
    return await get_async_backend().run_sync_in_worker_thread(
           ^^^^^^^^^^^^^^^^^^^^^^^^^^^^^^^^^^^^^^^^^^^^^^^^^^^^
  File "D:\AITHUCCHIEN\11236199-LeDangTan-Happynest-Thesis\backend\.venv\Lib\site-packages\anyio\_backends\_asyncio.py", line 2641, in run_sync_in_worker_thread
    return await future
           ^^^^^^^^^^^^
  File "D:\AITHUCCHIEN\11236199-LeDangTan-Happynest-Thesis\backend\.venv\Lib\site-packages\anyio\_backends\_asyncio.py", line 1033, in run
    result = context.run(func, *args)
             ^^^^^^^^^^^^^^^^^^^^^^^^
  File "D:\AITHUCCHIEN\11236199-LeDangTan-Happynest-Thesis\backend\app\api\routes\analysis.py", line 117, in list_analysis_runs
    rows = session.scalars(
           ^^^^^^^^^^^^^^^^
  File "D:\AITHUCCHIEN\11236199-LeDangTan-Happynest-Thesis\backend\.venv\Lib\site-packages\sqlalchemy\orm\session.py", line 2481, in scalars
    return self._execute_internal(
           ^^^^^^^^^^^^^^^^^^^^^^^
  File "D:\AITHUCCHIEN\11236199-LeDangTan-Happynest-Thesis\backend\.venv\Lib\site-packages\sqlalchemy\orm\session.py", line 2271, in _execute_internal
    result: Result[Any] = compile_state_cls.orm_execute_statement(
                          ^^^^^^^^^^^^^^^^^^^^^^^^^^^^^^^^^^^^^^^^
  File "D:\AITHUCCHIEN\11236199-LeDangTan-Happynest-Thesis\backend\.venv\Lib\site-packages\sqlalchemy\orm\context.py", line 306, in orm_execute_statement
    result = conn.execute(
             ^^^^^^^^^^^^^
  File "D:\AITHUCCHIEN\11236199-LeDangTan-Happynest-Thesis\backend\.venv\Lib\site-packages\sqlalchemy\engine\base.py", line 1421, in execute
    return meth(
           ^^^^^
  File "D:\AITHUCCHIEN\11236199-LeDangTan-Happynest-Thesis\backend\.venv\Lib\site-packages\sqlalchemy\sql\elements.py", line 526, in _execute_on_connection
    return connection._execute_clauseelement(
           ^^^^^^^^^^^^^^^^^^^^^^^^^^^^^^^^^^
  File "D:\AITHUCCHIEN\11236199-LeDangTan-Happynest-Thesis\backend\.venv\Lib\site-packages\sqlalchemy\engine\base.py", line 1643, in _execute_clauseelement
    ret = self._execute_context(
          ^^^^^^^^^^^^^^^^^^^^^^
  File "D:\AITHUCCHIEN\11236199-LeDangTan-Happynest-Thesis\backend\.venv\Lib\site-packages\sqlalchemy\engine\base.py", line 1848, in _execute_context
    return self._exec_single_context(
           ^^^^^^^^^^^^^^^^^^^^^^^^^^
  File "D:\AITHUCCHIEN\11236199-LeDangTan-Happynest-Thesis\backend\.venv\Lib\site-packages\sqlalchemy\engine\base.py", line 1988, in _exec_single_context
    self._handle_dbapi_exception(
  File "D:\AITHUCCHIEN\11236199-LeDangTan-Happynest-Thesis\backend\.venv\Lib\site-packages\sqlalchemy\engine\base.py", line 2365, in _handle_dbapi_exception
    raise sqlalchemy_exception.with_traceback(exc_info[2]) from e
  File "D:\AITHUCCHIEN\11236199-LeDangTan-Happynest-Thesis\backend\.venv\Lib\site-packages\sqlalchemy\engine\base.py", line 1969, in _exec_single_context
    self.dialect.do_execute(
  File "D:\AITHUCCHIEN\11236199-LeDangTan-Happynest-Thesis\backend\.venv\Lib\site-packages\sqlalchemy\engine\default.py", line 952, in do_execute
    cursor.execute(statement, parameters)
  File "D:\AITHUCCHIEN\11236199-LeDangTan-Happynest-Thesis\backend\.venv\Lib\site-packages\psycopg\cursor.py", line 117, in execute
    raise ex.with_traceback(None)
sqlalchemy.exc.ProgrammingError: (psycopg.errors.UndefinedColumn) column analysis_runs.import_id does not exist
LINE 1: ...ns.prompt_version, analysis_runs.embedding_model, analysis_r...
                                                             ^
[SQL: SELECT analysis_runs.id, analysis_runs.pipeline_version, analysis_runs.llm_model, analysis_runs.prompt_version, analysis_runs.embedding_model, analysis_runs.import_id, analysis_runs.mode, analysis_runs.chunk_size, analysis_runs.failed_count, analysis_runs.cancel_requested_at, analysis_runs.started_at, analysis_runs.completed_at, analysis_runs.status, analysis_runs.processed_count, analysis_runs.total_count, analysis_runs.error 
FROM analysis_runs ORDER BY analysis_runs.started_at DESC 
 LIMIT %(param_1)s::INTEGER]
[parameters: {'param_1': 50}]
(Background on this error at: https://sqlalche.me/e/20/f405)
2026-08-30 17:56:12,642 ERROR    app.main unhandled error on GET /api/imports: (psycopg.errors.UndefinedColumn) column imports.original_filename does not exist
LINE 1: ...ct_id, imports.source_type, imports.storage_path, imports.or...
                                                             ^
[SQL: SELECT imports.id, imports.product_id, imports.source_type, imports.storage_path, imports.original_filename, imports.mapping_version, imports.schema_version, imports.status, imports.row_count, imports.source_row_count, imports.error, imports.column_profiles, imports.mapping_started_at, imports.mapping_proposal, imports.report, imports.created_at 
FROM imports ORDER BY CASE WHEN (imports.status IN (%(status_1_1)s, %(status_1_2)s, %(status_1_3)s)) THEN %(param_1)s::INTEGER WHEN (imports.status IN (%(status_2_1)s, %(status_2_2)s)) THEN %(param_2)s::INTEGER ELSE %(param_3)s::INTEGER END, imports.created_at DESC 
 LIMIT %(param_4)s::INTEGER OFFSET %(param_5)s::INTEGER]
[parameters: {'param_1': 0, 'param_2': 1, 'param_3': 2, 'param_4': 50, 'param_5': 0, 'status_1_1': 'profile_ready', 'status_1_2': 'mapping_review', 'status_1_3': 'failed', 'status_2_1': 'mapping_generating', 'status_2_2': 'importing'}]
(Background on this error at: https://sqlalche.me/e/20/f405)
ERROR:    Exception in ASGI application
Traceback (most recent call last):
  File "D:\AITHUCCHIEN\11236199-LeDangTan-Happynest-Thesis\backend\.venv\Lib\site-packages\sqlalchemy\engine\base.py", line 1969, in _exec_single_context
    self.dialect.do_execute(
  File "D:\AITHUCCHIEN\11236199-LeDangTan-Happynest-Thesis\backend\.venv\Lib\site-packages\sqlalchemy\engine\default.py", line 952, in do_execute
    cursor.execute(statement, parameters)
  File "D:\AITHUCCHIEN\11236199-LeDangTan-Happynest-Thesis\backend\.venv\Lib\site-packages\psycopg\cursor.py", line 117, in execute
    raise ex.with_traceback(None)
psycopg.errors.UndefinedColumn: column imports.original_filename does not exist
LINE 1: ...ct_id, imports.source_type, imports.storage_path, imports.or...
                                                             ^

The above exception was the direct cause of the following exception:

Traceback (most recent call last):
  File "D:\AITHUCCHIEN\11236199-LeDangTan-Happynest-Thesis\backend\.venv\Lib\site-packages\uvicorn\protocols\http\h11_impl.py", line 416, in run_asgi
    result = await app(  # type: ignore[func-returns-value]
             ^^^^^^^^^^^^^^^^^^^^^^^^^^^^^^^^^^^^^^^^^^^^^^
  File "D:\AITHUCCHIEN\11236199-LeDangTan-Happynest-Thesis\backend\.venv\Lib\site-packages\uvicorn\middleware\proxy_headers.py", line 63, in __call__
    return await self.app(scope, receive, send)
           ^^^^^^^^^^^^^^^^^^^^^^^^^^^^^^^^^^^^
  File "D:\AITHUCCHIEN\11236199-LeDangTan-Happynest-Thesis\backend\.venv\Lib\site-packages\fastapi\applications.py", line 1163, in __call__
    await super().__call__(scope, receive, send)
  File "D:\AITHUCCHIEN\11236199-LeDangTan-Happynest-Thesis\backend\.venv\Lib\site-packages\starlette\applications.py", line 96, in __call__
    await self.middleware_stack(scope, receive, send)
  File "D:\AITHUCCHIEN\11236199-LeDangTan-Happynest-Thesis\backend\.venv\Lib\site-packages\starlette\middleware\errors.py", line 186, in __call__
    raise exc
  File "D:\AITHUCCHIEN\11236199-LeDangTan-Happynest-Thesis\backend\.venv\Lib\site-packages\starlette\middleware\errors.py", line 164, in __call__
    await self.app(scope, receive, _send)
  File "D:\AITHUCCHIEN\11236199-LeDangTan-Happynest-Thesis\backend\.venv\Lib\site-packages\starlette\middleware\cors.py", line 88, in __call__
    await self.app(scope, receive, send)
  File "D:\AITHUCCHIEN\11236199-LeDangTan-Happynest-Thesis\backend\.venv\Lib\site-packages\starlette\middleware\exceptions.py", line 63, in __call__
    await wrap_app_handling_exceptions(self.app, conn)(scope, receive, send)
  File "D:\AITHUCCHIEN\11236199-LeDangTan-Happynest-Thesis\backend\.venv\Lib\site-packages\starlette\_exception_handler.py", line 53, in wrapped_app
    raise exc
  File "D:\AITHUCCHIEN\11236199-LeDangTan-Happynest-Thesis\backend\.venv\Lib\site-packages\starlette\_exception_handler.py", line 42, in wrapped_app
    await app(scope, receive, sender)
  File "D:\AITHUCCHIEN\11236199-LeDangTan-Happynest-Thesis\backend\.venv\Lib\site-packages\fastapi\middleware\asyncexitstack.py", line 18, in __call__
    await self.app(scope, receive, send)
  File "D:\AITHUCCHIEN\11236199-LeDangTan-Happynest-Thesis\backend\.venv\Lib\site-packages\starlette\routing.py", line 670, in __call__
    await self.middleware_stack(scope, receive, send)
  File "D:\AITHUCCHIEN\11236199-LeDangTan-Happynest-Thesis\backend\.venv\Lib\site-packages\fastapi\routing.py", line 2734, in app
    await route.handle(scope, receive, send)
  File "D:\AITHUCCHIEN\11236199-LeDangTan-Happynest-Thesis\backend\.venv\Lib\site-packages\fastapi\routing.py", line 1780, in handle
    await self.original_router.handle(scope, receive, send)
  File "D:\AITHUCCHIEN\11236199-LeDangTan-Happynest-Thesis\backend\.venv\Lib\site-packages\fastapi\routing.py", line 2789, in handle
    await included_router._handle_selected(scope, receive, send)
  File "D:\AITHUCCHIEN\11236199-LeDangTan-Happynest-Thesis\backend\.venv\Lib\site-packages\fastapi\routing.py", line 1800, in _handle_selected
    await original_route.handle(scope, receive, send)
  File "D:\AITHUCCHIEN\11236199-LeDangTan-Happynest-Thesis\backend\.venv\Lib\site-packages\fastapi\routing.py", line 1279, in handle
    await app(scope, receive, send)
  File "D:\AITHUCCHIEN\11236199-LeDangTan-Happynest-Thesis\backend\.venv\Lib\site-packages\fastapi\routing.py", line 158, in app
    await wrap_app_handling_exceptions(app, request)(scope, receive, send)
  File "D:\AITHUCCHIEN\11236199-LeDangTan-Happynest-Thesis\backend\.venv\Lib\site-packages\starlette\_exception_handler.py", line 53, in wrapped_app
    raise exc
  File "D:\AITHUCCHIEN\11236199-LeDangTan-Happynest-Thesis\backend\.venv\Lib\site-packages\starlette\_exception_handler.py", line 42, in wrapped_app
    await app(scope, receive, sender)
  File "D:\AITHUCCHIEN\11236199-LeDangTan-Happynest-Thesis\backend\.venv\Lib\site-packages\fastapi\routing.py", line 144, in app
    response = await f(request)
               ^^^^^^^^^^^^^^^^
  File "D:\AITHUCCHIEN\11236199-LeDangTan-Happynest-Thesis\backend\.venv\Lib\site-packages\fastapi\routing.py", line 706, in app
    raw_response = await run_endpoint_function(
                   ^^^^^^^^^^^^^^^^^^^^^^^^^^^^
  File "D:\AITHUCCHIEN\11236199-LeDangTan-Happynest-Thesis\backend\.venv\Lib\site-packages\fastapi\routing.py", line 354, in run_endpoint_function
    return await run_in_threadpool(dependant.call, **values)
           ^^^^^^^^^^^^^^^^^^^^^^^^^^^^^^^^^^^^^^^^^^^^^^^^^
  File "D:\AITHUCCHIEN\11236199-LeDangTan-Happynest-Thesis\backend\.venv\Lib\site-packages\starlette\concurrency.py", line 34, in run_in_threadpool
    return await anyio.to_thread.run_sync(func)
           ^^^^^^^^^^^^^^^^^^^^^^^^^^^^^^^^^^^^
  File "D:\AITHUCCHIEN\11236199-LeDangTan-Happynest-Thesis\backend\.venv\Lib\site-packages\anyio\to_thread.py", line 65, in run_sync
    return await get_async_backend().run_sync_in_worker_thread(
           ^^^^^^^^^^^^^^^^^^^^^^^^^^^^^^^^^^^^^^^^^^^^^^^^^^^^
  File "D:\AITHUCCHIEN\11236199-LeDangTan-Happynest-Thesis\backend\.venv\Lib\site-packages\anyio\_backends\_asyncio.py", line 2641, in run_sync_in_worker_thread
    return await future
           ^^^^^^^^^^^^
  File "D:\AITHUCCHIEN\11236199-LeDangTan-Happynest-Thesis\backend\.venv\Lib\site-packages\anyio\_backends\_asyncio.py", line 1033, in run
    result = context.run(func, *args)
             ^^^^^^^^^^^^^^^^^^^^^^^^
  File "D:\AITHUCCHIEN\11236199-LeDangTan-Happynest-Thesis\backend\app\api\routes\imports.py", line 121, in list_imports
    rows = session.scalars(
           ^^^^^^^^^^^^^^^^
  File "D:\AITHUCCHIEN\11236199-LeDangTan-Happynest-Thesis\backend\.venv\Lib\site-packages\sqlalchemy\orm\session.py", line 2481, in scalars
    return self._execute_internal(
           ^^^^^^^^^^^^^^^^^^^^^^^
  File "D:\AITHUCCHIEN\11236199-LeDangTan-Happynest-Thesis\backend\.venv\Lib\site-packages\sqlalchemy\orm\session.py", line 2271, in _execute_internal
    result: Result[Any] = compile_state_cls.orm_execute_statement(
                          ^^^^^^^^^^^^^^^^^^^^^^^^^^^^^^^^^^^^^^^^
  File "D:\AITHUCCHIEN\11236199-LeDangTan-Happynest-Thesis\backend\.venv\Lib\site-packages\sqlalchemy\orm\context.py", line 306, in orm_execute_statement
    result = conn.execute(
             ^^^^^^^^^^^^^
  File "D:\AITHUCCHIEN\11236199-LeDangTan-Happynest-Thesis\backend\.venv\Lib\site-packages\sqlalchemy\engine\base.py", line 1421, in execute
    return meth(
           ^^^^^
  File "D:\AITHUCCHIEN\11236199-LeDangTan-Happynest-Thesis\backend\.venv\Lib\site-packages\sqlalchemy\sql\elements.py", line 526, in _execute_on_connection
    return connection._execute_clauseelement(
           ^^^^^^^^^^^^^^^^^^^^^^^^^^^^^^^^^^
  File "D:\AITHUCCHIEN\11236199-LeDangTan-Happynest-Thesis\backend\.venv\Lib\site-packages\sqlalchemy\engine\base.py", line 1643, in _execute_clauseelement
    ret = self._execute_context(
          ^^^^^^^^^^^^^^^^^^^^^^
  File "D:\AITHUCCHIEN\11236199-LeDangTan-Happynest-Thesis\backend\.venv\Lib\site-packages\sqlalchemy\engine\base.py", line 1848, in _execute_context
    return self._exec_single_context(
           ^^^^^^^^^^^^^^^^^^^^^^^^^^
  File "D:\AITHUCCHIEN\11236199-LeDangTan-Happynest-Thesis\backend\.venv\Lib\site-packages\sqlalchemy\engine\base.py", line 1988, in _exec_single_context
    self._handle_dbapi_exception(
  File "D:\AITHUCCHIEN\11236199-LeDangTan-Happynest-Thesis\backend\.venv\Lib\site-packages\sqlalchemy\engine\base.py", line 2365, in _handle_dbapi_exception
    raise sqlalchemy_exception.with_traceback(exc_info[2]) from e
  File "D:\AITHUCCHIEN\11236199-LeDangTan-Happynest-Thesis\backend\.venv\Lib\site-packages\sqlalchemy\engine\base.py", line 1969, in _exec_single_context
    self.dialect.do_execute(
  File "D:\AITHUCCHIEN\11236199-LeDangTan-Happynest-Thesis\backend\.venv\Lib\site-packages\sqlalchemy\engine\default.py", line 952, in do_execute
    cursor.execute(statement, parameters)
  File "D:\AITHUCCHIEN\11236199-LeDangTan-Happynest-Thesis\backend\.venv\Lib\site-packages\psycopg\cursor.py", line 117, in execute
    raise ex.with_traceback(None)
sqlalchemy.exc.ProgrammingError: (psycopg.errors.UndefinedColumn) column imports.original_filename does not exist
LINE 1: ...ct_id, imports.source_type, imports.storage_path, imports.or...
                                                             ^
[SQL: SELECT imports.id, imports.product_id, imports.source_type, imports.storage_path, imports.original_filename, imports.mapping_version, imports.schema_version, imports.status, imports.row_count, imports.source_row_count, imports.error, imports.column_profiles, imports.mapping_started_at, imports.mapping_proposal, imports.report, imports.created_at 
FROM imports ORDER BY CASE WHEN (imports.status IN (%(status_1_1)s, %(status_1_2)s, %(status_1_3)s)) THEN %(param_1)s::INTEGER WHEN (imports.status IN (%(status_2_1)s, %(status_2_2)s)) THEN %(param_2)s::INTEGER ELSE %(param_3)s::INTEGER END, imports.created_at DESC 
 LIMIT %(param_4)s::INTEGER OFFSET %(param_5)s::INTEGER]
[parameters: {'param_1': 0, 'param_2': 1, 'param_3': 2, 'param_4': 50, 'param_5': 0, 'status_1_1': 'profile_ready', 'status_1_2': 'mapping_review', 'status_1_3': 'failed', 'status_2_1': 'mapping_generating', 'status_2_2': 'importing'}]
(Background on this error at: https://sqlalche.me/e/20/f405)
2026-08-30 17:57:00,706 ERROR    app.main unhandled error on GET /api/imports: (psycopg.errors.UndefinedColumn) column imports.original_filename does not exist
LINE 1: ...ct_id, imports.source_type, imports.storage_path, imports.or...
                                                             ^
[SQL: SELECT imports.id, imports.product_id, imports.source_type, imports.storage_path, imports.original_filename, imports.mapping_version, imports.schema_version, imports.status, imports.row_count, imports.source_row_count, imports.error, imports.column_profiles, imports.mapping_started_at, imports.mapping_proposal, imports.report, imports.created_at 
FROM imports ORDER BY CASE WHEN (imports.status IN (%(status_1_1)s, %(status_1_2)s, %(status_1_3)s)) THEN %(param_1)s::INTEGER WHEN (imports.status IN (%(status_2_1)s, %(status_2_2)s)) THEN %(param_2)s::INTEGER ELSE %(param_3)s::INTEGER END, imports.created_at DESC 
 LIMIT %(param_4)s::INTEGER OFFSET %(param_5)s::INTEGER]
[parameters: {'param_1': 0, 'param_2': 1, 'param_3': 2, 'param_4': 50, 'param_5': 0, 'status_1_1': 'profile_ready', 'status_1_2': 'mapping_review', 'status_1_3': 'failed', 'status_2_1': 'mapping_generating', 'status_2_2': 'importing'}]
(Background on this error at: https://sqlalche.me/e/20/f405)
ERROR:    Exception in ASGI application
Traceback (most recent call last):
  File "D:\AITHUCCHIEN\11236199-LeDangTan-Happynest-Thesis\backend\.venv\Lib\site-packages\sqlalchemy\engine\base.py", line 1969, in _exec_single_context
    self.dialect.do_execute(
  File "D:\AITHUCCHIEN\11236199-LeDangTan-Happynest-Thesis\backend\.venv\Lib\site-packages\sqlalchemy\engine\default.py", line 952, in do_execute
    cursor.execute(statement, parameters)
  File "D:\AITHUCCHIEN\11236199-LeDangTan-Happynest-Thesis\backend\.venv\Lib\site-packages\psycopg\cursor.py", line 117, in execute
    raise ex.with_traceback(None)
psycopg.errors.UndefinedColumn: column imports.original_filename does not exist
LINE 1: ...ct_id, imports.source_type, imports.storage_path, imports.or...
                                                             ^

The above exception was the direct cause of the following exception:

Traceback (most recent call last):
  File "D:\AITHUCCHIEN\11236199-LeDangTan-Happynest-Thesis\backend\.venv\Lib\site-packages\uvicorn\protocols\http\h11_impl.py", line 416, in run_asgi
    result = await app(  # type: ignore[func-returns-value]
             ^^^^^^^^^^^^^^^^^^^^^^^^^^^^^^^^^^^^^^^^^^^^^^
  File "D:\AITHUCCHIEN\11236199-LeDangTan-Happynest-Thesis\backend\.venv\Lib\site-packages\uvicorn\middleware\proxy_headers.py", line 63, in __call__
    return await self.app(scope, receive, send)
           ^^^^^^^^^^^^^^^^^^^^^^^^^^^^^^^^^^^^
  File "D:\AITHUCCHIEN\11236199-LeDangTan-Happynest-Thesis\backend\.venv\Lib\site-packages\fastapi\applications.py", line 1163, in __call__
    await super().__call__(scope, receive, send)
  File "D:\AITHUCCHIEN\11236199-LeDangTan-Happynest-Thesis\backend\.venv\Lib\site-packages\starlette\applications.py", line 96, in __call__
    await self.middleware_stack(scope, receive, send)
  File "D:\AITHUCCHIEN\11236199-LeDangTan-Happynest-Thesis\backend\.venv\Lib\site-packages\starlette\middleware\errors.py", line 186, in __call__
    raise exc
  File "D:\AITHUCCHIEN\11236199-LeDangTan-Happynest-Thesis\backend\.venv\Lib\site-packages\starlette\middleware\errors.py", line 164, in __call__
    await self.app(scope, receive, _send)
  File "D:\AITHUCCHIEN\11236199-LeDangTan-Happynest-Thesis\backend\.venv\Lib\site-packages\starlette\middleware\cors.py", line 88, in __call__
    await self.app(scope, receive, send)
  File "D:\AITHUCCHIEN\11236199-LeDangTan-Happynest-Thesis\backend\.venv\Lib\site-packages\starlette\middleware\exceptions.py", line 63, in __call__
    await wrap_app_handling_exceptions(self.app, conn)(scope, receive, send)
  File "D:\AITHUCCHIEN\11236199-LeDangTan-Happynest-Thesis\backend\.venv\Lib\site-packages\starlette\_exception_handler.py", line 53, in wrapped_app
    raise exc
  File "D:\AITHUCCHIEN\11236199-LeDangTan-Happynest-Thesis\backend\.venv\Lib\site-packages\starlette\_exception_handler.py", line 42, in wrapped_app
    await app(scope, receive, sender)
  File "D:\AITHUCCHIEN\11236199-LeDangTan-Happynest-Thesis\backend\.venv\Lib\site-packages\fastapi\middleware\asyncexitstack.py", line 18, in __call__
    await self.app(scope, receive, send)
  File "D:\AITHUCCHIEN\11236199-LeDangTan-Happynest-Thesis\backend\.venv\Lib\site-packages\starlette\routing.py", line 670, in __call__
    await self.middleware_stack(scope, receive, send)
  File "D:\AITHUCCHIEN\11236199-LeDangTan-Happynest-Thesis\backend\.venv\Lib\site-packages\fastapi\routing.py", line 2734, in app
    await route.handle(scope, receive, send)
  File "D:\AITHUCCHIEN\11236199-LeDangTan-Happynest-Thesis\backend\.venv\Lib\site-packages\fastapi\routing.py", line 1780, in handle
    await self.original_router.handle(scope, receive, send)
  File "D:\AITHUCCHIEN\11236199-LeDangTan-Happynest-Thesis\backend\.venv\Lib\site-packages\fastapi\routing.py", line 2789, in handle
    await included_router._handle_selected(scope, receive, send)
  File "D:\AITHUCCHIEN\11236199-LeDangTan-Happynest-Thesis\backend\.venv\Lib\site-packages\fastapi\routing.py", line 1800, in _handle_selected
    await original_route.handle(scope, receive, send)
  File "D:\AITHUCCHIEN\11236199-LeDangTan-Happynest-Thesis\backend\.venv\Lib\site-packages\fastapi\routing.py", line 1279, in handle
    await app(scope, receive, send)
  File "D:\AITHUCCHIEN\11236199-LeDangTan-Happynest-Thesis\backend\.venv\Lib\site-packages\fastapi\routing.py", line 158, in app
    await wrap_app_handling_exceptions(app, request)(scope, receive, send)
  File "D:\AITHUCCHIEN\11236199-LeDangTan-Happynest-Thesis\backend\.venv\Lib\site-packages\starlette\_exception_handler.py", line 53, in wrapped_app
    raise exc
  File "D:\AITHUCCHIEN\11236199-LeDangTan-Happynest-Thesis\backend\.venv\Lib\site-packages\starlette\_exception_handler.py", line 42, in wrapped_app
    await app(scope, receive, sender)
  File "D:\AITHUCCHIEN\11236199-LeDangTan-Happynest-Thesis\backend\.venv\Lib\site-packages\fastapi\routing.py", line 144, in app
    response = await f(request)
               ^^^^^^^^^^^^^^^^
  File "D:\AITHUCCHIEN\11236199-LeDangTan-Happynest-Thesis\backend\.venv\Lib\site-packages\fastapi\routing.py", line 706, in app
    raw_response = await run_endpoint_function(
                   ^^^^^^^^^^^^^^^^^^^^^^^^^^^^
  File "D:\AITHUCCHIEN\11236199-LeDangTan-Happynest-Thesis\backend\.venv\Lib\site-packages\fastapi\routing.py", line 354, in run_endpoint_function
    return await run_in_threadpool(dependant.call, **values)
           ^^^^^^^^^^^^^^^^^^^^^^^^^^^^^^^^^^^^^^^^^^^^^^^^^
  File "D:\AITHUCCHIEN\11236199-LeDangTan-Happynest-Thesis\backend\.venv\Lib\site-packages\starlette\concurrency.py", line 34, in run_in_threadpool
    return await anyio.to_thread.run_sync(func)
           ^^^^^^^^^^^^^^^^^^^^^^^^^^^^^^^^^^^^
  File "D:\AITHUCCHIEN\11236199-LeDangTan-Happynest-Thesis\backend\.venv\Lib\site-packages\anyio\to_thread.py", line 65, in run_sync
    return await get_async_backend().run_sync_in_worker_thread(
           ^^^^^^^^^^^^^^^^^^^^^^^^^^^^^^^^^^^^^^^^^^^^^^^^^^^^
  File "D:\AITHUCCHIEN\11236199-LeDangTan-Happynest-Thesis\backend\.venv\Lib\site-packages\anyio\_backends\_asyncio.py", line 2641, in run_sync_in_worker_thread
    return await future
           ^^^^^^^^^^^^
  File "D:\AITHUCCHIEN\11236199-LeDangTan-Happynest-Thesis\backend\.venv\Lib\site-packages\anyio\_backends\_asyncio.py", line 1033, in run
    result = context.run(func, *args)
             ^^^^^^^^^^^^^^^^^^^^^^^^
  File "D:\AITHUCCHIEN\11236199-LeDangTan-Happynest-Thesis\backend\app\api\routes\imports.py", line 121, in list_imports
    rows = session.scalars(
           ^^^^^^^^^^^^^^^^
  File "D:\AITHUCCHIEN\11236199-LeDangTan-Happynest-Thesis\backend\.venv\Lib\site-packages\sqlalchemy\orm\session.py", line 2481, in scalars
    return self._execute_internal(
           ^^^^^^^^^^^^^^^^^^^^^^^
  File "D:\AITHUCCHIEN\11236199-LeDangTan-Happynest-Thesis\backend\.venv\Lib\site-packages\sqlalchemy\orm\session.py", line 2271, in _execute_internal
    result: Result[Any] = compile_state_cls.orm_execute_statement(
                          ^^^^^^^^^^^^^^^^^^^^^^^^^^^^^^^^^^^^^^^^
  File "D:\AITHUCCHIEN\11236199-LeDangTan-Happynest-Thesis\backend\.venv\Lib\site-packages\sqlalchemy\orm\context.py", line 306, in orm_execute_statement
    result = conn.execute(
             ^^^^^^^^^^^^^
  File "D:\AITHUCCHIEN\11236199-LeDangTan-Happynest-Thesis\backend\.venv\Lib\site-packages\sqlalchemy\engine\base.py", line 1421, in execute
    return meth(
           ^^^^^
  File "D:\AITHUCCHIEN\11236199-LeDangTan-Happynest-Thesis\backend\.venv\Lib\site-packages\sqlalchemy\sql\elements.py", line 526, in _execute_on_connection
    return connection._execute_clauseelement(
           ^^^^^^^^^^^^^^^^^^^^^^^^^^^^^^^^^^
  File "D:\AITHUCCHIEN\11236199-LeDangTan-Happynest-Thesis\backend\.venv\Lib\site-packages\sqlalchemy\engine\base.py", line 1643, in _execute_clauseelement
    ret = self._execute_context(
          ^^^^^^^^^^^^^^^^^^^^^^
  File "D:\AITHUCCHIEN\11236199-LeDangTan-Happynest-Thesis\backend\.venv\Lib\site-packages\sqlalchemy\engine\base.py", line 1848, in _execute_context
    return self._exec_single_context(
           ^^^^^^^^^^^^^^^^^^^^^^^^^^
  File "D:\AITHUCCHIEN\11236199-LeDangTan-Happynest-Thesis\backend\.venv\Lib\site-packages\sqlalchemy\engine\base.py", line 1988, in _exec_single_context
    self._handle_dbapi_exception(
  File "D:\AITHUCCHIEN\11236199-LeDangTan-Happynest-Thesis\backend\.venv\Lib\site-packages\sqlalchemy\engine\base.py", line 2365, in _handle_dbapi_exception
    raise sqlalchemy_exception.with_traceback(exc_info[2]) from e
  File "D:\AITHUCCHIEN\11236199-LeDangTan-Happynest-Thesis\backend\.venv\Lib\site-packages\sqlalchemy\engine\base.py", line 1969, in _exec_single_context
    self.dialect.do_execute(
  File "D:\AITHUCCHIEN\11236199-LeDangTan-Happynest-Thesis\backend\.venv\Lib\site-packages\sqlalchemy\engine\default.py", line 952, in do_execute
    cursor.execute(statement, parameters)
  File "D:\AITHUCCHIEN\11236199-LeDangTan-Happynest-Thesis\backend\.venv\Lib\site-packages\psycopg\cursor.py", line 117, in execute
    raise ex.with_traceback(None)
sqlalchemy.exc.ProgrammingError: (psycopg.errors.UndefinedColumn) column imports.original_filename does not exist
LINE 1: ...ct_id, imports.source_type, imports.storage_path, imports.or...
                                                             ^
[SQL: SELECT imports.id, imports.product_id, imports.source_type, imports.storage_path, imports.original_filename, imports.mapping_version, imports.schema_version, imports.status, imports.row_count, imports.source_row_count, imports.error, imports.column_profiles, imports.mapping_started_at, imports.mapping_proposal, imports.report, imports.created_at 
FROM imports ORDER BY CASE WHEN (imports.status IN (%(status_1_1)s, %(status_1_2)s, %(status_1_3)s)) THEN %(param_1)s::INTEGER WHEN (imports.status IN (%(status_2_1)s, %(status_2_2)s)) THEN %(param_2)s::INTEGER ELSE %(param_3)s::INTEGER END, imports.created_at DESC 
 LIMIT %(param_4)s::INTEGER OFFSET %(param_5)s::INTEGER]
[parameters: {'param_1': 0, 'param_2': 1, 'param_3': 2, 'param_4': 50, 'param_5': 0, 'status_1_1': 'profile_ready', 'status_1_2': 'mapping_review', 'status_1_3': 'failed', 'status_2_1': 'mapping_generating', 'status_2_2': 'importing'}]
(Background on this error at: https://sqlalche.me/e/20/f405)
2026-08-30 17:57:00,726 ERROR    app.main unhandled error on GET /api/analysis/runs: (psycopg.errors.UndefinedColumn) column analysis_runs.import_id does not exist
LINE 1: ...ns.prompt_version, analysis_runs.embedding_model, analysis_r...
                                                             ^
[SQL: SELECT analysis_runs.id, analysis_runs.pipeline_version, analysis_runs.llm_model, analysis_runs.prompt_version, analysis_runs.embedding_model, analysis_runs.import_id, analysis_runs.mode, analysis_runs.chunk_size, analysis_runs.failed_count, analysis_runs.cancel_requested_at, analysis_runs.started_at, analysis_runs.completed_at, analysis_runs.status, analysis_runs.processed_count, analysis_runs.total_count, analysis_runs.error 
FROM analysis_runs ORDER BY analysis_runs.started_at DESC 
 LIMIT %(param_1)s::INTEGER]
[parameters: {'param_1': 50}]
(Background on this error at: https://sqlalche.me/e/20/f405)
ERROR:    Exception in ASGI application
Traceback (most recent call last):
  File "D:\AITHUCCHIEN\11236199-LeDangTan-Happynest-Thesis\backend\.venv\Lib\site-packages\sqlalchemy\engine\base.py", line 1969, in _exec_single_context
    self.dialect.do_execute(
  File "D:\AITHUCCHIEN\11236199-LeDangTan-Happynest-Thesis\backend\.venv\Lib\site-packages\sqlalchemy\engine\default.py", line 952, in do_execute
    cursor.execute(statement, parameters)
  File "D:\AITHUCCHIEN\11236199-LeDangTan-Happynest-Thesis\backend\.venv\Lib\site-packages\psycopg\cursor.py", line 117, in execute
    raise ex.with_traceback(None)
psycopg.errors.UndefinedColumn: column analysis_runs.import_id does not exist
LINE 1: ...ns.prompt_version, analysis_runs.embedding_model, analysis_r...
                                                             ^

The above exception was the direct cause of the following exception:

Traceback (most recent call last):
  File "D:\AITHUCCHIEN\11236199-LeDangTan-Happynest-Thesis\backend\.venv\Lib\site-packages\uvicorn\protocols\http\h11_impl.py", line 416, in run_asgi
    result = await app(  # type: ignore[func-returns-value]
             ^^^^^^^^^^^^^^^^^^^^^^^^^^^^^^^^^^^^^^^^^^^^^^
  File "D:\AITHUCCHIEN\11236199-LeDangTan-Happynest-Thesis\backend\.venv\Lib\site-packages\uvicorn\middleware\proxy_headers.py", line 63, in __call__
    return await self.app(scope, receive, send)
           ^^^^^^^^^^^^^^^^^^^^^^^^^^^^^^^^^^^^
  File "D:\AITHUCCHIEN\11236199-LeDangTan-Happynest-Thesis\backend\.venv\Lib\site-packages\fastapi\applications.py", line 1163, in __call__
    await super().__call__(scope, receive, send)
  File "D:\AITHUCCHIEN\11236199-LeDangTan-Happynest-Thesis\backend\.venv\Lib\site-packages\starlette\applications.py", line 96, in __call__
    await self.middleware_stack(scope, receive, send)
  File "D:\AITHUCCHIEN\11236199-LeDangTan-Happynest-Thesis\backend\.venv\Lib\site-packages\starlette\middleware\errors.py", line 186, in __call__
    raise exc
  File "D:\AITHUCCHIEN\11236199-LeDangTan-Happynest-Thesis\backend\.venv\Lib\site-packages\starlette\middleware\errors.py", line 164, in __call__
    await self.app(scope, receive, _send)
  File "D:\AITHUCCHIEN\11236199-LeDangTan-Happynest-Thesis\backend\.venv\Lib\site-packages\starlette\middleware\cors.py", line 88, in __call__
    await self.app(scope, receive, send)
  File "D:\AITHUCCHIEN\11236199-LeDangTan-Happynest-Thesis\backend\.venv\Lib\site-packages\starlette\middleware\exceptions.py", line 63, in __call__
    await wrap_app_handling_exceptions(self.app, conn)(scope, receive, send)
  File "D:\AITHUCCHIEN\11236199-LeDangTan-Happynest-Thesis\backend\.venv\Lib\site-packages\starlette\_exception_handler.py", line 53, in wrapped_app
    raise exc
  File "D:\AITHUCCHIEN\11236199-LeDangTan-Happynest-Thesis\backend\.venv\Lib\site-packages\starlette\_exception_handler.py", line 42, in wrapped_app
    await app(scope, receive, sender)
  File "D:\AITHUCCHIEN\11236199-LeDangTan-Happynest-Thesis\backend\.venv\Lib\site-packages\fastapi\middleware\asyncexitstack.py", line 18, in __call__
    await self.app(scope, receive, send)
  File "D:\AITHUCCHIEN\11236199-LeDangTan-Happynest-Thesis\backend\.venv\Lib\site-packages\starlette\routing.py", line 670, in __call__
    await self.middleware_stack(scope, receive, send)
  File "D:\AITHUCCHIEN\11236199-LeDangTan-Happynest-Thesis\backend\.venv\Lib\site-packages\fastapi\routing.py", line 2734, in app
    await route.handle(scope, receive, send)
  File "D:\AITHUCCHIEN\11236199-LeDangTan-Happynest-Thesis\backend\.venv\Lib\site-packages\fastapi\routing.py", line 1780, in handle
    await self.original_router.handle(scope, receive, send)
  File "D:\AITHUCCHIEN\11236199-LeDangTan-Happynest-Thesis\backend\.venv\Lib\site-packages\fastapi\routing.py", line 2789, in handle
    await included_router._handle_selected(scope, receive, send)
  File "D:\AITHUCCHIEN\11236199-LeDangTan-Happynest-Thesis\backend\.venv\Lib\site-packages\fastapi\routing.py", line 1800, in _handle_selected
    await original_route.handle(scope, receive, send)
  File "D:\AITHUCCHIEN\11236199-LeDangTan-Happynest-Thesis\backend\.venv\Lib\site-packages\fastapi\routing.py", line 1279, in handle
    await app(scope, receive, send)
  File "D:\AITHUCCHIEN\11236199-LeDangTan-Happynest-Thesis\backend\.venv\Lib\site-packages\fastapi\routing.py", line 158, in app
    await wrap_app_handling_exceptions(app, request)(scope, receive, send)
  File "D:\AITHUCCHIEN\11236199-LeDangTan-Happynest-Thesis\backend\.venv\Lib\site-packages\starlette\_exception_handler.py", line 53, in wrapped_app
    raise exc
  File "D:\AITHUCCHIEN\11236199-LeDangTan-Happynest-Thesis\backend\.venv\Lib\site-packages\starlette\_exception_handler.py", line 42, in wrapped_app
    await app(scope, receive, sender)
  File "D:\AITHUCCHIEN\11236199-LeDangTan-Happynest-Thesis\backend\.venv\Lib\site-packages\fastapi\routing.py", line 144, in app
    response = await f(request)
               ^^^^^^^^^^^^^^^^
  File "D:\AITHUCCHIEN\11236199-LeDangTan-Happynest-Thesis\backend\.venv\Lib\site-packages\fastapi\routing.py", line 706, in app
    raw_response = await run_endpoint_function(
                   ^^^^^^^^^^^^^^^^^^^^^^^^^^^^
  File "D:\AITHUCCHIEN\11236199-LeDangTan-Happynest-Thesis\backend\.venv\Lib\site-packages\fastapi\routing.py", line 354, in run_endpoint_function
    return await run_in_threadpool(dependant.call, **values)
           ^^^^^^^^^^^^^^^^^^^^^^^^^^^^^^^^^^^^^^^^^^^^^^^^^
  File "D:\AITHUCCHIEN\11236199-LeDangTan-Happynest-Thesis\backend\.venv\Lib\site-packages\starlette\concurrency.py", line 34, in run_in_threadpool
    return await anyio.to_thread.run_sync(func)
           ^^^^^^^^^^^^^^^^^^^^^^^^^^^^^^^^^^^^
  File "D:\AITHUCCHIEN\11236199-LeDangTan-Happynest-Thesis\backend\.venv\Lib\site-packages\anyio\to_thread.py", line 65, in run_sync
    return await get_async_backend().run_sync_in_worker_thread(
           ^^^^^^^^^^^^^^^^^^^^^^^^^^^^^^^^^^^^^^^^^^^^^^^^^^^^
  File "D:\AITHUCCHIEN\11236199-LeDangTan-Happynest-Thesis\backend\.venv\Lib\site-packages\anyio\_backends\_asyncio.py", line 2641, in run_sync_in_worker_thread
    return await future
           ^^^^^^^^^^^^
  File "D:\AITHUCCHIEN\11236199-LeDangTan-Happynest-Thesis\backend\.venv\Lib\site-packages\anyio\_backends\_asyncio.py", line 1033, in run
    result = context.run(func, *args)
             ^^^^^^^^^^^^^^^^^^^^^^^^
  File "D:\AITHUCCHIEN\11236199-LeDangTan-Happynest-Thesis\backend\app\api\routes\analysis.py", line 117, in list_analysis_runs
    rows = session.scalars(
           ^^^^^^^^^^^^^^^^
  File "D:\AITHUCCHIEN\11236199-LeDangTan-Happynest-Thesis\backend\.venv\Lib\site-packages\sqlalchemy\orm\session.py", line 2481, in scalars
    return self._execute_internal(
           ^^^^^^^^^^^^^^^^^^^^^^^
  File "D:\AITHUCCHIEN\11236199-LeDangTan-Happynest-Thesis\backend\.venv\Lib\site-packages\sqlalchemy\orm\session.py", line 2271, in _execute_internal
    result: Result[Any] = compile_state_cls.orm_execute_statement(
                          ^^^^^^^^^^^^^^^^^^^^^^^^^^^^^^^^^^^^^^^^
  File "D:\AITHUCCHIEN\11236199-LeDangTan-Happynest-Thesis\backend\.venv\Lib\site-packages\sqlalchemy\orm\context.py", line 306, in orm_execute_statement
    result = conn.execute(
             ^^^^^^^^^^^^^
  File "D:\AITHUCCHIEN\11236199-LeDangTan-Happynest-Thesis\backend\.venv\Lib\site-packages\sqlalchemy\engine\base.py", line 1421, in execute
    return meth(
           ^^^^^
  File "D:\AITHUCCHIEN\11236199-LeDangTan-Happynest-Thesis\backend\.venv\Lib\site-packages\sqlalchemy\sql\elements.py", line 526, in _execute_on_connection
    return connection._execute_clauseelement(
           ^^^^^^^^^^^^^^^^^^^^^^^^^^^^^^^^^^
  File "D:\AITHUCCHIEN\11236199-LeDangTan-Happynest-Thesis\backend\.venv\Lib\site-packages\sqlalchemy\engine\base.py", line 1643, in _execute_clauseelement
    ret = self._execute_context(
          ^^^^^^^^^^^^^^^^^^^^^^
  File "D:\AITHUCCHIEN\11236199-LeDangTan-Happynest-Thesis\backend\.venv\Lib\site-packages\sqlalchemy\engine\base.py", line 1848, in _execute_context
    return self._exec_single_context(
           ^^^^^^^^^^^^^^^^^^^^^^^^^^
  File "D:\AITHUCCHIEN\11236199-LeDangTan-Happynest-Thesis\backend\.venv\Lib\site-packages\sqlalchemy\engine\base.py", line 1988, in _exec_single_context
    self._handle_dbapi_exception(
  File "D:\AITHUCCHIEN\11236199-LeDangTan-Happynest-Thesis\backend\.venv\Lib\site-packages\sqlalchemy\engine\base.py", line 2365, in _handle_dbapi_exception
    raise sqlalchemy_exception.with_traceback(exc_info[2]) from e
  File "D:\AITHUCCHIEN\11236199-LeDangTan-Happynest-Thesis\backend\.venv\Lib\site-packages\sqlalchemy\engine\base.py", line 1969, in _exec_single_context
    self.dialect.do_execute(
  File "D:\AITHUCCHIEN\11236199-LeDangTan-Happynest-Thesis\backend\.venv\Lib\site-packages\sqlalchemy\engine\default.py", line 952, in do_execute
    cursor.execute(statement, parameters)
  File "D:\AITHUCCHIEN\11236199-LeDangTan-Happynest-Thesis\backend\.venv\Lib\site-packages\psycopg\cursor.py", line 117, in execute
    raise ex.with_traceback(None)
sqlalchemy.exc.ProgrammingError: (psycopg.errors.UndefinedColumn) column analysis_runs.import_id does not exist
LINE 1: ...ns.prompt_version, analysis_runs.embedding_model, analysis_r...
                                                             ^
[SQL: SELECT analysis_runs.id, analysis_runs.pipeline_version, analysis_runs.llm_model, analysis_runs.prompt_version, analysis_runs.embedding_model, analysis_runs.import_id, analysis_runs.mode, analysis_runs.chunk_size, analysis_runs.failed_count, analysis_runs.cancel_requested_at, analysis_runs.started_at, analysis_runs.completed_at, analysis_runs.status, analysis_runs.processed_count, analysis_runs.total_count, analysis_runs.error 
FROM analysis_runs ORDER BY analysis_runs.started_at DESC 
 LIMIT %(param_1)s::INTEGER]
[parameters: {'param_1': 50}]
(Background on this error at: https://sqlalche.me/e/20/f405)
2026-08-30 17:57:01,437 ERROR    app.main unhandled error on GET /api/imports: (psycopg.errors.UndefinedColumn) column imports.original_filename does not exist
LINE 1: ...ct_id, imports.source_type, imports.storage_path, imports.or...
                                                             ^
[SQL: SELECT imports.id, imports.product_id, imports.source_type, imports.storage_path, imports.original_filename, imports.mapping_version, imports.schema_version, imports.status, imports.row_count, imports.source_row_count, imports.error, imports.column_profiles, imports.mapping_started_at, imports.mapping_proposal, imports.report, imports.created_at 
FROM imports ORDER BY CASE WHEN (imports.status IN (%(status_1_1)s, %(status_1_2)s, %(status_1_3)s)) THEN %(param_1)s::INTEGER WHEN (imports.status IN (%(status_2_1)s, %(status_2_2)s)) THEN %(param_2)s::INTEGER ELSE %(param_3)s::INTEGER END, imports.created_at DESC 
 LIMIT %(param_4)s::INTEGER OFFSET %(param_5)s::INTEGER]
[parameters: {'param_1': 0, 'param_2': 1, 'param_3': 2, 'param_4': 50, 'param_5': 0, 'status_1_1': 'profile_ready', 'status_1_2': 'mapping_review', 'status_1_3': 'failed', 'status_2_1': 'mapping_generating', 'status_2_2': 'importing'}]
(Background on this error at: https://sqlalche.me/e/20/f405)
ERROR:    Exception in ASGI application
Traceback (most recent call last):
  File "D:\AITHUCCHIEN\11236199-LeDangTan-Happynest-Thesis\backend\.venv\Lib\site-packages\sqlalchemy\engine\base.py", line 1969, in _exec_single_context
    self.dialect.do_execute(
  File "D:\AITHUCCHIEN\11236199-LeDangTan-Happynest-Thesis\backend\.venv\Lib\site-packages\sqlalchemy\engine\default.py", line 952, in do_execute
    cursor.execute(statement, parameters)
  File "D:\AITHUCCHIEN\11236199-LeDangTan-Happynest-Thesis\backend\.venv\Lib\site-packages\psycopg\cursor.py", line 117, in execute
    raise ex.with_traceback(None)
psycopg.errors.UndefinedColumn: column imports.original_filename does not exist
LINE 1: ...ct_id, imports.source_type, imports.storage_path, imports.or...
                                                             ^

The above exception was the direct cause of the following exception:

Traceback (most recent call last):
  File "D:\AITHUCCHIEN\11236199-LeDangTan-Happynest-Thesis\backend\.venv\Lib\site-packages\uvicorn\protocols\http\h11_impl.py", line 416, in run_asgi
    result = await app(  # type: ignore[func-returns-value]
             ^^^^^^^^^^^^^^^^^^^^^^^^^^^^^^^^^^^^^^^^^^^^^^
  File "D:\AITHUCCHIEN\11236199-LeDangTan-Happynest-Thesis\backend\.venv\Lib\site-packages\uvicorn\middleware\proxy_headers.py", line 63, in __call__
    return await self.app(scope, receive, send)
           ^^^^^^^^^^^^^^^^^^^^^^^^^^^^^^^^^^^^
  File "D:\AITHUCCHIEN\11236199-LeDangTan-Happynest-Thesis\backend\.venv\Lib\site-packages\fastapi\applications.py", line 1163, in __call__
    await super().__call__(scope, receive, send)
  File "D:\AITHUCCHIEN\11236199-LeDangTan-Happynest-Thesis\backend\.venv\Lib\site-packages\starlette\applications.py", line 96, in __call__
    await self.middleware_stack(scope, receive, send)
  File "D:\AITHUCCHIEN\11236199-LeDangTan-Happynest-Thesis\backend\.venv\Lib\site-packages\starlette\middleware\errors.py", line 186, in __call__
    raise exc
  File "D:\AITHUCCHIEN\11236199-LeDangTan-Happynest-Thesis\backend\.venv\Lib\site-packages\starlette\middleware\errors.py", line 164, in __call__
    await self.app(scope, receive, _send)
  File "D:\AITHUCCHIEN\11236199-LeDangTan-Happynest-Thesis\backend\.venv\Lib\site-packages\starlette\middleware\cors.py", line 88, in __call__
    await self.app(scope, receive, send)
  File "D:\AITHUCCHIEN\11236199-LeDangTan-Happynest-Thesis\backend\.venv\Lib\site-packages\starlette\middleware\exceptions.py", line 63, in __call__
    await wrap_app_handling_exceptions(self.app, conn)(scope, receive, send)
  File "D:\AITHUCCHIEN\11236199-LeDangTan-Happynest-Thesis\backend\.venv\Lib\site-packages\starlette\_exception_handler.py", line 53, in wrapped_app
    raise exc
  File "D:\AITHUCCHIEN\11236199-LeDangTan-Happynest-Thesis\backend\.venv\Lib\site-packages\starlette\_exception_handler.py", line 42, in wrapped_app
    await app(scope, receive, sender)
  File "D:\AITHUCCHIEN\11236199-LeDangTan-Happynest-Thesis\backend\.venv\Lib\site-packages\fastapi\middleware\asyncexitstack.py", line 18, in __call__
    await self.app(scope, receive, send)
  File "D:\AITHUCCHIEN\11236199-LeDangTan-Happynest-Thesis\backend\.venv\Lib\site-packages\starlette\routing.py", line 670, in __call__
    await self.middleware_stack(scope, receive, send)
  File "D:\AITHUCCHIEN\11236199-LeDangTan-Happynest-Thesis\backend\.venv\Lib\site-packages\fastapi\routing.py", line 2734, in app
    await route.handle(scope, receive, send)
  File "D:\AITHUCCHIEN\11236199-LeDangTan-Happynest-Thesis\backend\.venv\Lib\site-packages\fastapi\routing.py", line 1780, in handle
    await self.original_router.handle(scope, receive, send)
  File "D:\AITHUCCHIEN\11236199-LeDangTan-Happynest-Thesis\backend\.venv\Lib\site-packages\fastapi\routing.py", line 2789, in handle
    await included_router._handle_selected(scope, receive, send)
  File "D:\AITHUCCHIEN\11236199-LeDangTan-Happynest-Thesis\backend\.venv\Lib\site-packages\fastapi\routing.py", line 1800, in _handle_selected
    await original_route.handle(scope, receive, send)
  File "D:\AITHUCCHIEN\11236199-LeDangTan-Happynest-Thesis\backend\.venv\Lib\site-packages\fastapi\routing.py", line 1279, in handle
    await app(scope, receive, send)
  File "D:\AITHUCCHIEN\11236199-LeDangTan-Happynest-Thesis\backend\.venv\Lib\site-packages\fastapi\routing.py", line 158, in app
    await wrap_app_handling_exceptions(app, request)(scope, receive, send)
  File "D:\AITHUCCHIEN\11236199-LeDangTan-Happynest-Thesis\backend\.venv\Lib\site-packages\starlette\_exception_handler.py", line 53, in wrapped_app
    raise exc
  File "D:\AITHUCCHIEN\11236199-LeDangTan-Happynest-Thesis\backend\.venv\Lib\site-packages\starlette\_exception_handler.py", line 42, in wrapped_app
    await app(scope, receive, sender)
  File "D:\AITHUCCHIEN\11236199-LeDangTan-Happynest-Thesis\backend\.venv\Lib\site-packages\fastapi\routing.py", line 144, in app
    response = await f(request)
               ^^^^^^^^^^^^^^^^
  File "D:\AITHUCCHIEN\11236199-LeDangTan-Happynest-Thesis\backend\.venv\Lib\site-packages\fastapi\routing.py", line 706, in app
    raw_response = await run_endpoint_function(
                   ^^^^^^^^^^^^^^^^^^^^^^^^^^^^
  File "D:\AITHUCCHIEN\11236199-LeDangTan-Happynest-Thesis\backend\.venv\Lib\site-packages\fastapi\routing.py", line 354, in run_endpoint_function
    return await run_in_threadpool(dependant.call, **values)
           ^^^^^^^^^^^^^^^^^^^^^^^^^^^^^^^^^^^^^^^^^^^^^^^^^
  File "D:\AITHUCCHIEN\11236199-LeDangTan-Happynest-Thesis\backend\.venv\Lib\site-packages\starlette\concurrency.py", line 34, in run_in_threadpool
    return await anyio.to_thread.run_sync(func)
           ^^^^^^^^^^^^^^^^^^^^^^^^^^^^^^^^^^^^
  File "D:\AITHUCCHIEN\11236199-LeDangTan-Happynest-Thesis\backend\.venv\Lib\site-packages\anyio\to_thread.py", line 65, in run_sync
    return await get_async_backend().run_sync_in_worker_thread(
           ^^^^^^^^^^^^^^^^^^^^^^^^^^^^^^^^^^^^^^^^^^^^^^^^^^^^
  File "D:\AITHUCCHIEN\11236199-LeDangTan-Happynest-Thesis\backend\.venv\Lib\site-packages\anyio\_backends\_asyncio.py", line 2641, in run_sync_in_worker_thread
    return await future
           ^^^^^^^^^^^^
  File "D:\AITHUCCHIEN\11236199-LeDangTan-Happynest-Thesis\backend\.venv\Lib\site-packages\anyio\_backends\_asyncio.py", line 1033, in run
    result = context.run(func, *args)
             ^^^^^^^^^^^^^^^^^^^^^^^^
  File "D:\AITHUCCHIEN\11236199-LeDangTan-Happynest-Thesis\backend\app\api\routes\imports.py", line 121, in list_imports
    rows = session.scalars(
           ^^^^^^^^^^^^^^^^
  File "D:\AITHUCCHIEN\11236199-LeDangTan-Happynest-Thesis\backend\.venv\Lib\site-packages\sqlalchemy\orm\session.py", line 2481, in scalars
    return self._execute_internal(
           ^^^^^^^^^^^^^^^^^^^^^^^
  File "D:\AITHUCCHIEN\11236199-LeDangTan-Happynest-Thesis\backend\.venv\Lib\site-packages\sqlalchemy\orm\session.py", line 2271, in _execute_internal
    result: Result[Any] = compile_state_cls.orm_execute_statement(
                          ^^^^^^^^^^^^^^^^^^^^^^^^^^^^^^^^^^^^^^^^
  File "D:\AITHUCCHIEN\11236199-LeDangTan-Happynest-Thesis\backend\.venv\Lib\site-packages\sqlalchemy\orm\context.py", line 306, in orm_execute_statement
    result = conn.execute(
             ^^^^^^^^^^^^^
  File "D:\AITHUCCHIEN\11236199-LeDangTan-Happynest-Thesis\backend\.venv\Lib\site-packages\sqlalchemy\engine\base.py", line 1421, in execute
    return meth(
           ^^^^^
  File "D:\AITHUCCHIEN\11236199-LeDangTan-Happynest-Thesis\backend\.venv\Lib\site-packages\sqlalchemy\sql\elements.py", line 526, in _execute_on_connection
    return connection._execute_clauseelement(
           ^^^^^^^^^^^^^^^^^^^^^^^^^^^^^^^^^^
  File "D:\AITHUCCHIEN\11236199-LeDangTan-Happynest-Thesis\backend\.venv\Lib\site-packages\sqlalchemy\engine\base.py", line 1643, in _execute_clauseelement
    ret = self._execute_context(
          ^^^^^^^^^^^^^^^^^^^^^^
  File "D:\AITHUCCHIEN\11236199-LeDangTan-Happynest-Thesis\backend\.venv\Lib\site-packages\sqlalchemy\engine\base.py", line 1848, in _execute_context
    return self._exec_single_context(
           ^^^^^^^^^^^^^^^^^^^^^^^^^^
  File "D:\AITHUCCHIEN\11236199-LeDangTan-Happynest-Thesis\backend\.venv\Lib\site-packages\sqlalchemy\engine\base.py", line 1988, in _exec_single_context
    self._handle_dbapi_exception(
  File "D:\AITHUCCHIEN\11236199-LeDangTan-Happynest-Thesis\backend\.venv\Lib\site-packages\sqlalchemy\engine\base.py", line 2365, in _handle_dbapi_exception
    raise sqlalchemy_exception.with_traceback(exc_info[2]) from e
  File "D:\AITHUCCHIEN\11236199-LeDangTan-Happynest-Thesis\backend\.venv\Lib\site-packages\sqlalchemy\engine\base.py", line 1969, in _exec_single_context
    self.dialect.do_execute(
  File "D:\AITHUCCHIEN\11236199-LeDangTan-Happynest-Thesis\backend\.venv\Lib\site-packages\sqlalchemy\engine\default.py", line 952, in do_execute
    cursor.execute(statement, parameters)
  File "D:\AITHUCCHIEN\11236199-LeDangTan-Happynest-Thesis\backend\.venv\Lib\site-packages\psycopg\cursor.py", line 117, in execute
    raise ex.with_traceback(None)
sqlalchemy.exc.ProgrammingError: (psycopg.errors.UndefinedColumn) column imports.original_filename does not exist
LINE 1: ...ct_id, imports.source_type, imports.storage_path, imports.or...
                                                             ^
[SQL: SELECT imports.id, imports.product_id, imports.source_type, imports.storage_path, imports.original_filename, imports.mapping_version, imports.schema_version, imports.status, imports.row_count, imports.source_row_count, imports.error, imports.column_profiles, imports.mapping_started_at, imports.mapping_proposal, imports.report, imports.created_at 
FROM imports ORDER BY CASE WHEN (imports.status IN (%(status_1_1)s, %(status_1_2)s, %(status_1_3)s)) THEN %(param_1)s::INTEGER WHEN (imports.status IN (%(status_2_1)s, %(status_2_2)s)) THEN %(param_2)s::INTEGER ELSE %(param_3)s::INTEGER END, imports.created_at DESC 
 LIMIT %(param_4)s::INTEGER OFFSET %(param_5)s::INTEGER]
[parameters: {'param_1': 0, 'param_2': 1, 'param_3': 2, 'param_4': 50, 'param_5': 0, 'status_1_1': 'profile_ready', 'status_1_2': 'mapping_review', 'status_1_3': 'failed', 'status_2_1': 'mapping_generating', 'status_2_2': 'importing'}]
(Background on this error at: https://sqlalche.me/e/20/f405)
2026-08-30 17:57:02,050 ERROR    app.main unhandled error on GET /api/analysis/runs: (psycopg.errors.UndefinedColumn) column analysis_runs.import_id does not exist
LINE 1: ...ns.prompt_version, analysis_runs.embedding_model, analysis_r...
                                                             ^
[SQL: SELECT analysis_runs.id, analysis_runs.pipeline_version, analysis_runs.llm_model, analysis_runs.prompt_version, analysis_runs.embedding_model, analysis_runs.import_id, analysis_runs.mode, analysis_runs.chunk_size, analysis_runs.failed_count, analysis_runs.cancel_requested_at, analysis_runs.started_at, analysis_runs.completed_at, analysis_runs.status, analysis_runs.processed_count, analysis_runs.total_count, analysis_runs.error 
FROM analysis_runs ORDER BY analysis_runs.started_at DESC 
 LIMIT %(param_1)s::INTEGER]
[parameters: {'param_1': 50}]
(Background on this error at: https://sqlalche.me/e/20/f405)
ERROR:    Exception in ASGI application
Traceback (most recent call last):
  File "D:\AITHUCCHIEN\11236199-LeDangTan-Happynest-Thesis\backend\.venv\Lib\site-packages\sqlalchemy\engine\base.py", line 1969, in _exec_single_context
    self.dialect.do_execute(
  File "D:\AITHUCCHIEN\11236199-LeDangTan-Happynest-Thesis\backend\.venv\Lib\site-packages\sqlalchemy\engine\default.py", line 952, in do_execute
    cursor.execute(statement, parameters)
  File "D:\AITHUCCHIEN\11236199-LeDangTan-Happynest-Thesis\backend\.venv\Lib\site-packages\psycopg\cursor.py", line 117, in execute
    raise ex.with_traceback(None)
psycopg.errors.UndefinedColumn: column analysis_runs.import_id does not exist
LINE 1: ...ns.prompt_version, analysis_runs.embedding_model, analysis_r...
                                                             ^

The above exception was the direct cause of the following exception:

Traceback (most recent call last):
  File "D:\AITHUCCHIEN\11236199-LeDangTan-Happynest-Thesis\backend\.venv\Lib\site-packages\uvicorn\protocols\http\h11_impl.py", line 416, in run_asgi
    result = await app(  # type: ignore[func-returns-value]
             ^^^^^^^^^^^^^^^^^^^^^^^^^^^^^^^^^^^^^^^^^^^^^^
  File "D:\AITHUCCHIEN\11236199-LeDangTan-Happynest-Thesis\backend\.venv\Lib\site-packages\uvicorn\middleware\proxy_headers.py", line 63, in __call__
    return await self.app(scope, receive, send)
           ^^^^^^^^^^^^^^^^^^^^^^^^^^^^^^^^^^^^
  File "D:\AITHUCCHIEN\11236199-LeDangTan-Happynest-Thesis\backend\.venv\Lib\site-packages\fastapi\applications.py", line 1163, in __call__
    await super().__call__(scope, receive, send)
  File "D:\AITHUCCHIEN\11236199-LeDangTan-Happynest-Thesis\backend\.venv\Lib\site-packages\starlette\applications.py", line 96, in __call__
    await self.middleware_stack(scope, receive, send)
  File "D:\AITHUCCHIEN\11236199-LeDangTan-Happynest-Thesis\backend\.venv\Lib\site-packages\starlette\middleware\errors.py", line 186, in __call__
    raise exc
  File "D:\AITHUCCHIEN\11236199-LeDangTan-Happynest-Thesis\backend\.venv\Lib\site-packages\starlette\middleware\errors.py", line 164, in __call__
    await self.app(scope, receive, _send)
  File "D:\AITHUCCHIEN\11236199-LeDangTan-Happynest-Thesis\backend\.venv\Lib\site-packages\starlette\middleware\cors.py", line 88, in __call__
    await self.app(scope, receive, send)
  File "D:\AITHUCCHIEN\11236199-LeDangTan-Happynest-Thesis\backend\.venv\Lib\site-packages\starlette\middleware\exceptions.py", line 63, in __call__
    await wrap_app_handling_exceptions(self.app, conn)(scope, receive, send)
  File "D:\AITHUCCHIEN\11236199-LeDangTan-Happynest-Thesis\backend\.venv\Lib\site-packages\starlette\_exception_handler.py", line 53, in wrapped_app
    raise exc
  File "D:\AITHUCCHIEN\11236199-LeDangTan-Happynest-Thesis\backend\.venv\Lib\site-packages\starlette\_exception_handler.py", line 42, in wrapped_app
    await app(scope, receive, sender)
  File "D:\AITHUCCHIEN\11236199-LeDangTan-Happynest-Thesis\backend\.venv\Lib\site-packages\fastapi\middleware\asyncexitstack.py", line 18, in __call__
    await self.app(scope, receive, send)
  File "D:\AITHUCCHIEN\11236199-LeDangTan-Happynest-Thesis\backend\.venv\Lib\site-packages\starlette\routing.py", line 670, in __call__
    await self.middleware_stack(scope, receive, send)
  File "D:\AITHUCCHIEN\11236199-LeDangTan-Happynest-Thesis\backend\.venv\Lib\site-packages\fastapi\routing.py", line 2734, in app
    await route.handle(scope, receive, send)
  File "D:\AITHUCCHIEN\11236199-LeDangTan-Happynest-Thesis\backend\.venv\Lib\site-packages\fastapi\routing.py", line 1780, in handle
    await self.original_router.handle(scope, receive, send)
  File "D:\AITHUCCHIEN\11236199-LeDangTan-Happynest-Thesis\backend\.venv\Lib\site-packages\fastapi\routing.py", line 2789, in handle
    await included_router._handle_selected(scope, receive, send)
  File "D:\AITHUCCHIEN\11236199-LeDangTan-Happynest-Thesis\backend\.venv\Lib\site-packages\fastapi\routing.py", line 1800, in _handle_selected
    await original_route.handle(scope, receive, send)
  File "D:\AITHUCCHIEN\11236199-LeDangTan-Happynest-Thesis\backend\.venv\Lib\site-packages\fastapi\routing.py", line 1279, in handle
    await app(scope, receive, send)
  File "D:\AITHUCCHIEN\11236199-LeDangTan-Happynest-Thesis\backend\.venv\Lib\site-packages\fastapi\routing.py", line 158, in app
    await wrap_app_handling_exceptions(app, request)(scope, receive, send)
  File "D:\AITHUCCHIEN\11236199-LeDangTan-Happynest-Thesis\backend\.venv\Lib\site-packages\starlette\_exception_handler.py", line 53, in wrapped_app
    raise exc
  File "D:\AITHUCCHIEN\11236199-LeDangTan-Happynest-Thesis\backend\.venv\Lib\site-packages\starlette\_exception_handler.py", line 42, in wrapped_app
    await app(scope, receive, sender)
  File "D:\AITHUCCHIEN\11236199-LeDangTan-Happynest-Thesis\backend\.venv\Lib\site-packages\fastapi\routing.py", line 144, in app
    response = await f(request)
               ^^^^^^^^^^^^^^^^
  File "D:\AITHUCCHIEN\11236199-LeDangTan-Happynest-Thesis\backend\.venv\Lib\site-packages\fastapi\routing.py", line 706, in app
    raw_response = await run_endpoint_function(
                   ^^^^^^^^^^^^^^^^^^^^^^^^^^^^
  File "D:\AITHUCCHIEN\11236199-LeDangTan-Happynest-Thesis\backend\.venv\Lib\site-packages\fastapi\routing.py", line 354, in run_endpoint_function
    return await run_in_threadpool(dependant.call, **values)
           ^^^^^^^^^^^^^^^^^^^^^^^^^^^^^^^^^^^^^^^^^^^^^^^^^
  File "D:\AITHUCCHIEN\11236199-LeDangTan-Happynest-Thesis\backend\.venv\Lib\site-packages\starlette\concurrency.py", line 34, in run_in_threadpool
    return await anyio.to_thread.run_sync(func)
           ^^^^^^^^^^^^^^^^^^^^^^^^^^^^^^^^^^^^
  File "D:\AITHUCCHIEN\11236199-LeDangTan-Happynest-Thesis\backend\.venv\Lib\site-packages\anyio\to_thread.py", line 65, in run_sync
    return await get_async_backend().run_sync_in_worker_thread(
           ^^^^^^^^^^^^^^^^^^^^^^^^^^^^^^^^^^^^^^^^^^^^^^^^^^^^
  File "D:\AITHUCCHIEN\11236199-LeDangTan-Happynest-Thesis\backend\.venv\Lib\site-packages\anyio\_backends\_asyncio.py", line 2641, in run_sync_in_worker_thread
    return await future
           ^^^^^^^^^^^^
  File "D:\AITHUCCHIEN\11236199-LeDangTan-Happynest-Thesis\backend\.venv\Lib\site-packages\anyio\_backends\_asyncio.py", line 1033, in run
    result = context.run(func, *args)
             ^^^^^^^^^^^^^^^^^^^^^^^^
  File "D:\AITHUCCHIEN\11236199-LeDangTan-Happynest-Thesis\backend\app\api\routes\analysis.py", line 117, in list_analysis_runs
    rows = session.scalars(
           ^^^^^^^^^^^^^^^^
  File "D:\AITHUCCHIEN\11236199-LeDangTan-Happynest-Thesis\backend\.venv\Lib\site-packages\sqlalchemy\orm\session.py", line 2481, in scalars
    return self._execute_internal(
           ^^^^^^^^^^^^^^^^^^^^^^^
  File "D:\AITHUCCHIEN\11236199-LeDangTan-Happynest-Thesis\backend\.venv\Lib\site-packages\sqlalchemy\orm\session.py", line 2271, in _execute_internal
    result: Result[Any] = compile_state_cls.orm_execute_statement(
                          ^^^^^^^^^^^^^^^^^^^^^^^^^^^^^^^^^^^^^^^^
  File "D:\AITHUCCHIEN\11236199-LeDangTan-Happynest-Thesis\backend\.venv\Lib\site-packages\sqlalchemy\orm\context.py", line 306, in orm_execute_statement
    result = conn.execute(
             ^^^^^^^^^^^^^
  File "D:\AITHUCCHIEN\11236199-LeDangTan-Happynest-Thesis\backend\.venv\Lib\site-packages\sqlalchemy\engine\base.py", line 1421, in execute
    return meth(
           ^^^^^
  File "D:\AITHUCCHIEN\11236199-LeDangTan-Happynest-Thesis\backend\.venv\Lib\site-packages\sqlalchemy\sql\elements.py", line 526, in _execute_on_connection
    return connection._execute_clauseelement(
           ^^^^^^^^^^^^^^^^^^^^^^^^^^^^^^^^^^
  File "D:\AITHUCCHIEN\11236199-LeDangTan-Happynest-Thesis\backend\.venv\Lib\site-packages\sqlalchemy\engine\base.py", line 1643, in _execute_clauseelement
    ret = self._execute_context(
          ^^^^^^^^^^^^^^^^^^^^^^
  File "D:\AITHUCCHIEN\11236199-LeDangTan-Happynest-Thesis\backend\.venv\Lib\site-packages\sqlalchemy\engine\base.py", line 1848, in _execute_context
    return self._exec_single_context(
           ^^^^^^^^^^^^^^^^^^^^^^^^^^
  File "D:\AITHUCCHIEN\11236199-LeDangTan-Happynest-Thesis\backend\.venv\Lib\site-packages\sqlalchemy\engine\base.py", line 1988, in _exec_single_context
    self._handle_dbapi_exception(
  File "D:\AITHUCCHIEN\11236199-LeDangTan-Happynest-Thesis\backend\.venv\Lib\site-packages\sqlalchemy\engine\base.py", line 2365, in _handle_dbapi_exception
    raise sqlalchemy_exception.with_traceback(exc_info[2]) from e
  File "D:\AITHUCCHIEN\11236199-LeDangTan-Happynest-Thesis\backend\.venv\Lib\site-packages\sqlalchemy\engine\base.py", line 1969, in _exec_single_context
    self.dialect.do_execute(
  File "D:\AITHUCCHIEN\11236199-LeDangTan-Happynest-Thesis\backend\.venv\Lib\site-packages\sqlalchemy\engine\default.py", line 952, in do_execute
    cursor.execute(statement, parameters)
  File "D:\AITHUCCHIEN\11236199-LeDangTan-Happynest-Thesis\backend\.venv\Lib\site-packages\psycopg\cursor.py", line 117, in execute
    raise ex.with_traceback(None)
sqlalchemy.exc.ProgrammingError: (psycopg.errors.UndefinedColumn) column analysis_runs.import_id does not exist
LINE 1: ...ns.prompt_version, analysis_runs.embedding_model, analysis_r...
                                                             ^
[SQL: SELECT analysis_runs.id, analysis_runs.pipeline_version, analysis_runs.llm_model, analysis_runs.prompt_version, analysis_runs.embedding_model, analysis_runs.import_id, analysis_runs.mode, analysis_runs.chunk_size, analysis_runs.failed_count, analysis_runs.cancel_requested_at, analysis_runs.started_at, analysis_runs.completed_at, analysis_runs.status, analysis_runs.processed_count, analysis_runs.total_count, analysis_runs.error 
FROM analysis_runs ORDER BY analysis_runs.started_at DESC 
 LIMIT %(param_1)s::INTEGER]
[parameters: {'param_1': 50}]
(Background on this error at: https://sqlalche.me/e/20/f405)
2026-08-30 17:59:27,796 ERROR    app.main unhandled error on GET /api/imports: (psycopg.errors.UndefinedColumn) column imports.original_filename does not exist
LINE 1: ...ct_id, imports.source_type, imports.storage_path, imports.or...
                                                             ^
[SQL: SELECT imports.id, imports.product_id, imports.source_type, imports.storage_path, imports.original_filename, imports.mapping_version, imports.schema_version, imports.status, imports.row_count, imports.source_row_count, imports.error, imports.column_profiles, imports.mapping_started_at, imports.mapping_proposal, imports.report, imports.created_at 
FROM imports ORDER BY CASE WHEN (imports.status IN (%(status_1_1)s, %(status_1_2)s, %(status_1_3)s)) THEN %(param_1)s::INTEGER WHEN (imports.status IN (%(status_2_1)s, %(status_2_2)s)) THEN %(param_2)s::INTEGER ELSE %(param_3)s::INTEGER END, imports.created_at DESC 
 LIMIT %(param_4)s::INTEGER OFFSET %(param_5)s::INTEGER]
[parameters: {'param_1': 0, 'param_2': 1, 'param_3': 2, 'param_4': 50, 'param_5': 0, 'status_1_1': 'profile_ready', 'status_1_2': 'mapping_review', 'status_1_3': 'failed', 'status_2_1': 'mapping_generating', 'status_2_2': 'importing'}]
(Background on this error at: https://sqlalche.me/e/20/f405)
ERROR:    Exception in ASGI application
Traceback (most recent call last):
  File "D:\AITHUCCHIEN\11236199-LeDangTan-Happynest-Thesis\backend\.venv\Lib\site-packages\sqlalchemy\engine\base.py", line 1969, in _exec_single_context
    self.dialect.do_execute(
  File "D:\AITHUCCHIEN\11236199-LeDangTan-Happynest-Thesis\backend\.venv\Lib\site-packages\sqlalchemy\engine\default.py", line 952, in do_execute
    cursor.execute(statement, parameters)
  File "D:\AITHUCCHIEN\11236199-LeDangTan-Happynest-Thesis\backend\.venv\Lib\site-packages\psycopg\cursor.py", line 117, in execute
    raise ex.with_traceback(None)
psycopg.errors.UndefinedColumn: column imports.original_filename does not exist
LINE 1: ...ct_id, imports.source_type, imports.storage_path, imports.or...
                                                             ^

The above exception was the direct cause of the following exception:

Traceback (most recent call last):
  File "D:\AITHUCCHIEN\11236199-LeDangTan-Happynest-Thesis\backend\.venv\Lib\site-packages\uvicorn\protocols\http\h11_impl.py", line 416, in run_asgi
    result = await app(  # type: ignore[func-returns-value]
             ^^^^^^^^^^^^^^^^^^^^^^^^^^^^^^^^^^^^^^^^^^^^^^
  File "D:\AITHUCCHIEN\11236199-LeDangTan-Happynest-Thesis\backend\.venv\Lib\site-packages\uvicorn\middleware\proxy_headers.py", line 63, in __call__
    return await self.app(scope, receive, send)
           ^^^^^^^^^^^^^^^^^^^^^^^^^^^^^^^^^^^^
  File "D:\AITHUCCHIEN\11236199-LeDangTan-Happynest-Thesis\backend\.venv\Lib\site-packages\fastapi\applications.py", line 1163, in __call__
    await super().__call__(scope, receive, send)
  File "D:\AITHUCCHIEN\11236199-LeDangTan-Happynest-Thesis\backend\.venv\Lib\site-packages\starlette\applications.py", line 96, in __call__
    await self.middleware_stack(scope, receive, send)
  File "D:\AITHUCCHIEN\11236199-LeDangTan-Happynest-Thesis\backend\.venv\Lib\site-packages\starlette\middleware\errors.py", line 186, in __call__
    raise exc
  File "D:\AITHUCCHIEN\11236199-LeDangTan-Happynest-Thesis\backend\.venv\Lib\site-packages\starlette\middleware\errors.py", line 164, in __call__
    await self.app(scope, receive, _send)
  File "D:\AITHUCCHIEN\11236199-LeDangTan-Happynest-Thesis\backend\.venv\Lib\site-packages\starlette\middleware\cors.py", line 88, in __call__
    await self.app(scope, receive, send)
  File "D:\AITHUCCHIEN\11236199-LeDangTan-Happynest-Thesis\backend\.venv\Lib\site-packages\starlette\middleware\exceptions.py", line 63, in __call__
    await wrap_app_handling_exceptions(self.app, conn)(scope, receive, send)
  File "D:\AITHUCCHIEN\11236199-LeDangTan-Happynest-Thesis\backend\.venv\Lib\site-packages\starlette\_exception_handler.py", line 53, in wrapped_app
    raise exc
  File "D:\AITHUCCHIEN\11236199-LeDangTan-Happynest-Thesis\backend\.venv\Lib\site-packages\starlette\_exception_handler.py", line 42, in wrapped_app
    await app(scope, receive, sender)
  File "D:\AITHUCCHIEN\11236199-LeDangTan-Happynest-Thesis\backend\.venv\Lib\site-packages\fastapi\middleware\asyncexitstack.py", line 18, in __call__
    await self.app(scope, receive, send)
  File "D:\AITHUCCHIEN\11236199-LeDangTan-Happynest-Thesis\backend\.venv\Lib\site-packages\starlette\routing.py", line 670, in __call__
    await self.middleware_stack(scope, receive, send)
  File "D:\AITHUCCHIEN\11236199-LeDangTan-Happynest-Thesis\backend\.venv\Lib\site-packages\fastapi\routing.py", line 2734, in app
    await route.handle(scope, receive, send)
  File "D:\AITHUCCHIEN\11236199-LeDangTan-Happynest-Thesis\backend\.venv\Lib\site-packages\fastapi\routing.py", line 1780, in handle
    await self.original_router.handle(scope, receive, send)
  File "D:\AITHUCCHIEN\11236199-LeDangTan-Happynest-Thesis\backend\.venv\Lib\site-packages\fastapi\routing.py", line 2789, in handle
    await included_router._handle_selected(scope, receive, send)
  File "D:\AITHUCCHIEN\11236199-LeDangTan-Happynest-Thesis\backend\.venv\Lib\site-packages\fastapi\routing.py", line 1800, in _handle_selected
    await original_route.handle(scope, receive, send)
  File "D:\AITHUCCHIEN\11236199-LeDangTan-Happynest-Thesis\backend\.venv\Lib\site-packages\fastapi\routing.py", line 1279, in handle
    await app(scope, receive, send)
  File "D:\AITHUCCHIEN\11236199-LeDangTan-Happynest-Thesis\backend\.venv\Lib\site-packages\fastapi\routing.py", line 158, in app
    await wrap_app_handling_exceptions(app, request)(scope, receive, send)
  File "D:\AITHUCCHIEN\11236199-LeDangTan-Happynest-Thesis\backend\.venv\Lib\site-packages\starlette\_exception_handler.py", line 53, in wrapped_app
    raise exc
  File "D:\AITHUCCHIEN\11236199-LeDangTan-Happynest-Thesis\backend\.venv\Lib\site-packages\starlette\_exception_handler.py", line 42, in wrapped_app
    await app(scope, receive, sender)
  File "D:\AITHUCCHIEN\11236199-LeDangTan-Happynest-Thesis\backend\.venv\Lib\site-packages\fastapi\routing.py", line 144, in app
    response = await f(request)
               ^^^^^^^^^^^^^^^^
  File "D:\AITHUCCHIEN\11236199-LeDangTan-Happynest-Thesis\backend\.venv\Lib\site-packages\fastapi\routing.py", line 706, in app
    raw_response = await run_endpoint_function(
                   ^^^^^^^^^^^^^^^^^^^^^^^^^^^^
  File "D:\AITHUCCHIEN\11236199-LeDangTan-Happynest-Thesis\backend\.venv\Lib\site-packages\fastapi\routing.py", line 354, in run_endpoint_function
    return await run_in_threadpool(dependant.call, **values)
           ^^^^^^^^^^^^^^^^^^^^^^^^^^^^^^^^^^^^^^^^^^^^^^^^^
  File "D:\AITHUCCHIEN\11236199-LeDangTan-Happynest-Thesis\backend\.venv\Lib\site-packages\starlette\concurrency.py", line 34, in run_in_threadpool
    return await anyio.to_thread.run_sync(func)
           ^^^^^^^^^^^^^^^^^^^^^^^^^^^^^^^^^^^^
  File "D:\AITHUCCHIEN\11236199-LeDangTan-Happynest-Thesis\backend\.venv\Lib\site-packages\anyio\to_thread.py", line 65, in run_sync
    return await get_async_backend().run_sync_in_worker_thread(
           ^^^^^^^^^^^^^^^^^^^^^^^^^^^^^^^^^^^^^^^^^^^^^^^^^^^^
  File "D:\AITHUCCHIEN\11236199-LeDangTan-Happynest-Thesis\backend\.venv\Lib\site-packages\anyio\_backends\_asyncio.py", line 2641, in run_sync_in_worker_thread
    return await future
           ^^^^^^^^^^^^
  File "D:\AITHUCCHIEN\11236199-LeDangTan-Happynest-Thesis\backend\.venv\Lib\site-packages\anyio\_backends\_asyncio.py", line 1033, in run
    result = context.run(func, *args)
             ^^^^^^^^^^^^^^^^^^^^^^^^
  File "D:\AITHUCCHIEN\11236199-LeDangTan-Happynest-Thesis\backend\app\api\routes\imports.py", line 121, in list_imports
    rows = session.scalars(
           ^^^^^^^^^^^^^^^^
  File "D:\AITHUCCHIEN\11236199-LeDangTan-Happynest-Thesis\backend\.venv\Lib\site-packages\sqlalchemy\orm\session.py", line 2481, in scalars
    return self._execute_internal(
           ^^^^^^^^^^^^^^^^^^^^^^^
  File "D:\AITHUCCHIEN\11236199-LeDangTan-Happynest-Thesis\backend\.venv\Lib\site-packages\sqlalchemy\orm\session.py", line 2271, in _execute_internal
    result: Result[Any] = compile_state_cls.orm_execute_statement(
                          ^^^^^^^^^^^^^^^^^^^^^^^^^^^^^^^^^^^^^^^^
  File "D:\AITHUCCHIEN\11236199-LeDangTan-Happynest-Thesis\backend\.venv\Lib\site-packages\sqlalchemy\orm\context.py", line 306, in orm_execute_statement
    result = conn.execute(
             ^^^^^^^^^^^^^
  File "D:\AITHUCCHIEN\11236199-LeDangTan-Happynest-Thesis\backend\.venv\Lib\site-packages\sqlalchemy\engine\base.py", line 1421, in execute
    return meth(
           ^^^^^
  File "D:\AITHUCCHIEN\11236199-LeDangTan-Happynest-Thesis\backend\.venv\Lib\site-packages\sqlalchemy\sql\elements.py", line 526, in _execute_on_connection
    return connection._execute_clauseelement(
           ^^^^^^^^^^^^^^^^^^^^^^^^^^^^^^^^^^
  File "D:\AITHUCCHIEN\11236199-LeDangTan-Happynest-Thesis\backend\.venv\Lib\site-packages\sqlalchemy\engine\base.py", line 1643, in _execute_clauseelement
    ret = self._execute_context(
          ^^^^^^^^^^^^^^^^^^^^^^
  File "D:\AITHUCCHIEN\11236199-LeDangTan-Happynest-Thesis\backend\.venv\Lib\site-packages\sqlalchemy\engine\base.py", line 1848, in _execute_context
    return self._exec_single_context(
           ^^^^^^^^^^^^^^^^^^^^^^^^^^
  File "D:\AITHUCCHIEN\11236199-LeDangTan-Happynest-Thesis\backend\.venv\Lib\site-packages\sqlalchemy\engine\base.py", line 1988, in _exec_single_context
    self._handle_dbapi_exception(
  File "D:\AITHUCCHIEN\11236199-LeDangTan-Happynest-Thesis\backend\.venv\Lib\site-packages\sqlalchemy\engine\base.py", line 2365, in _handle_dbapi_exception
    raise sqlalchemy_exception.with_traceback(exc_info[2]) from e
  File "D:\AITHUCCHIEN\11236199-LeDangTan-Happynest-Thesis\backend\.venv\Lib\site-packages\sqlalchemy\engine\base.py", line 1969, in _exec_single_context
    self.dialect.do_execute(
  File "D:\AITHUCCHIEN\11236199-LeDangTan-Happynest-Thesis\backend\.venv\Lib\site-packages\sqlalchemy\engine\default.py", line 952, in do_execute
    cursor.execute(statement, parameters)
  File "D:\AITHUCCHIEN\11236199-LeDangTan-Happynest-Thesis\backend\.venv\Lib\site-packages\psycopg\cursor.py", line 117, in execute
    raise ex.with_traceback(None)
sqlalchemy.exc.ProgrammingError: (psycopg.errors.UndefinedColumn) column imports.original_filename does not exist
LINE 1: ...ct_id, imports.source_type, imports.storage_path, imports.or...
                                                             ^
[SQL: SELECT imports.id, imports.product_id, imports.source_type, imports.storage_path, imports.original_filename, imports.mapping_version, imports.schema_version, imports.status, imports.row_count, imports.source_row_count, imports.error, imports.column_profiles, imports.mapping_started_at, imports.mapping_proposal, imports.report, imports.created_at 
FROM imports ORDER BY CASE WHEN (imports.status IN (%(status_1_1)s, %(status_1_2)s, %(status_1_3)s)) THEN %(param_1)s::INTEGER WHEN (imports.status IN (%(status_2_1)s, %(status_2_2)s)) THEN %(param_2)s::INTEGER ELSE %(param_3)s::INTEGER END, imports.created_at DESC 
 LIMIT %(param_4)s::INTEGER OFFSET %(param_5)s::INTEGER]
[parameters: {'param_1': 0, 'param_2': 1, 'param_3': 2, 'param_4': 50, 'param_5': 0, 'status_1_1': 'profile_ready', 'status_1_2': 'mapping_review', 'status_1_3': 'failed', 'status_2_1': 'mapping_generating', 'status_2_2': 'importing'}]
(Background on this error at: https://sqlalche.me/e/20/f405)
2026-08-30 17:59:28,659 ERROR    app.main unhandled error on GET /api/analysis/runs: (psycopg.errors.UndefinedColumn) column analysis_runs.import_id does not exist
LINE 1: ...ns.prompt_version, analysis_runs.embedding_model, analysis_r...
                                                             ^
[SQL: SELECT analysis_runs.id, analysis_runs.pipeline_version, analysis_runs.llm_model, analysis_runs.prompt_version, analysis_runs.embedding_model, analysis_runs.import_id, analysis_runs.mode, analysis_runs.chunk_size, analysis_runs.failed_count, analysis_runs.cancel_requested_at, analysis_runs.started_at, analysis_runs.completed_at, analysis_runs.status, analysis_runs.processed_count, analysis_runs.total_count, analysis_runs.error 
FROM analysis_runs ORDER BY analysis_runs.started_at DESC 
 LIMIT %(param_1)s::INTEGER]
[parameters: {'param_1': 50}]
(Background on this error at: https://sqlalche.me/e/20/f405)
ERROR:    Exception in ASGI application
Traceback (most recent call last):
  File "D:\AITHUCCHIEN\11236199-LeDangTan-Happynest-Thesis\backend\.venv\Lib\site-packages\sqlalchemy\engine\base.py", line 1969, in _exec_single_context
    self.dialect.do_execute(
  File "D:\AITHUCCHIEN\11236199-LeDangTan-Happynest-Thesis\backend\.venv\Lib\site-packages\sqlalchemy\engine\default.py", line 952, in do_execute
    cursor.execute(statement, parameters)
  File "D:\AITHUCCHIEN\11236199-LeDangTan-Happynest-Thesis\backend\.venv\Lib\site-packages\psycopg\cursor.py", line 117, in execute
    raise ex.with_traceback(None)
psycopg.errors.UndefinedColumn: column analysis_runs.import_id does not exist
LINE 1: ...ns.prompt_version, analysis_runs.embedding_model, analysis_r...
                                                             ^

The above exception was the direct cause of the following exception:

Traceback (most recent call last):
  File "D:\AITHUCCHIEN\11236199-LeDangTan-Happynest-Thesis\backend\.venv\Lib\site-packages\uvicorn\protocols\http\h11_impl.py", line 416, in run_asgi
    result = await app(  # type: ignore[func-returns-value]
             ^^^^^^^^^^^^^^^^^^^^^^^^^^^^^^^^^^^^^^^^^^^^^^
  File "D:\AITHUCCHIEN\11236199-LeDangTan-Happynest-Thesis\backend\.venv\Lib\site-packages\uvicorn\middleware\proxy_headers.py", line 63, in __call__
    return await self.app(scope, receive, send)
           ^^^^^^^^^^^^^^^^^^^^^^^^^^^^^^^^^^^^
  File "D:\AITHUCCHIEN\11236199-LeDangTan-Happynest-Thesis\backend\.venv\Lib\site-packages\fastapi\applications.py", line 1163, in __call__
    await super().__call__(scope, receive, send)
  File "D:\AITHUCCHIEN\11236199-LeDangTan-Happynest-Thesis\backend\.venv\Lib\site-packages\starlette\applications.py", line 96, in __call__
    await self.middleware_stack(scope, receive, send)
  File "D:\AITHUCCHIEN\11236199-LeDangTan-Happynest-Thesis\backend\.venv\Lib\site-packages\starlette\middleware\errors.py", line 186, in __call__
    raise exc
  File "D:\AITHUCCHIEN\11236199-LeDangTan-Happynest-Thesis\backend\.venv\Lib\site-packages\starlette\middleware\errors.py", line 164, in __call__
    await self.app(scope, receive, _send)
  File "D:\AITHUCCHIEN\11236199-LeDangTan-Happynest-Thesis\backend\.venv\Lib\site-packages\starlette\middleware\cors.py", line 88, in __call__
    await self.app(scope, receive, send)
  File "D:\AITHUCCHIEN\11236199-LeDangTan-Happynest-Thesis\backend\.venv\Lib\site-packages\starlette\middleware\exceptions.py", line 63, in __call__
    await wrap_app_handling_exceptions(self.app, conn)(scope, receive, send)
  File "D:\AITHUCCHIEN\11236199-LeDangTan-Happynest-Thesis\backend\.venv\Lib\site-packages\starlette\_exception_handler.py", line 53, in wrapped_app
    raise exc
  File "D:\AITHUCCHIEN\11236199-LeDangTan-Happynest-Thesis\backend\.venv\Lib\site-packages\starlette\_exception_handler.py", line 42, in wrapped_app
    await app(scope, receive, sender)
  File "D:\AITHUCCHIEN\11236199-LeDangTan-Happynest-Thesis\backend\.venv\Lib\site-packages\fastapi\middleware\asyncexitstack.py", line 18, in __call__
    await self.app(scope, receive, send)
  File "D:\AITHUCCHIEN\11236199-LeDangTan-Happynest-Thesis\backend\.venv\Lib\site-packages\starlette\routing.py", line 670, in __call__
    await self.middleware_stack(scope, receive, send)
  File "D:\AITHUCCHIEN\11236199-LeDangTan-Happynest-Thesis\backend\.venv\Lib\site-packages\fastapi\routing.py", line 2734, in app
    await route.handle(scope, receive, send)
  File "D:\AITHUCCHIEN\11236199-LeDangTan-Happynest-Thesis\backend\.venv\Lib\site-packages\fastapi\routing.py", line 1780, in handle
    await self.original_router.handle(scope, receive, send)
  File "D:\AITHUCCHIEN\11236199-LeDangTan-Happynest-Thesis\backend\.venv\Lib\site-packages\fastapi\routing.py", line 2789, in handle
    await included_router._handle_selected(scope, receive, send)
  File "D:\AITHUCCHIEN\11236199-LeDangTan-Happynest-Thesis\backend\.venv\Lib\site-packages\fastapi\routing.py", line 1800, in _handle_selected
    await original_route.handle(scope, receive, send)
  File "D:\AITHUCCHIEN\11236199-LeDangTan-Happynest-Thesis\backend\.venv\Lib\site-packages\fastapi\routing.py", line 1279, in handle
    await app(scope, receive, send)
  File "D:\AITHUCCHIEN\11236199-LeDangTan-Happynest-Thesis\backend\.venv\Lib\site-packages\fastapi\routing.py", line 158, in app
    await wrap_app_handling_exceptions(app, request)(scope, receive, send)
  File "D:\AITHUCCHIEN\11236199-LeDangTan-Happynest-Thesis\backend\.venv\Lib\site-packages\starlette\_exception_handler.py", line 53, in wrapped_app
    raise exc
  File "D:\AITHUCCHIEN\11236199-LeDangTan-Happynest-Thesis\backend\.venv\Lib\site-packages\starlette\_exception_handler.py", line 42, in wrapped_app
    await app(scope, receive, sender)
  File "D:\AITHUCCHIEN\11236199-LeDangTan-Happynest-Thesis\backend\.venv\Lib\site-packages\fastapi\routing.py", line 144, in app
    response = await f(request)
               ^^^^^^^^^^^^^^^^
  File "D:\AITHUCCHIEN\11236199-LeDangTan-Happynest-Thesis\backend\.venv\Lib\site-packages\fastapi\routing.py", line 706, in app
    raw_response = await run_endpoint_function(
                   ^^^^^^^^^^^^^^^^^^^^^^^^^^^^
  File "D:\AITHUCCHIEN\11236199-LeDangTan-Happynest-Thesis\backend\.venv\Lib\site-packages\fastapi\routing.py", line 354, in run_endpoint_function
    return await run_in_threadpool(dependant.call, **values)
           ^^^^^^^^^^^^^^^^^^^^^^^^^^^^^^^^^^^^^^^^^^^^^^^^^
  File "D:\AITHUCCHIEN\11236199-LeDangTan-Happynest-Thesis\backend\.venv\Lib\site-packages\starlette\concurrency.py", line 34, in run_in_threadpool
    return await anyio.to_thread.run_sync(func)
           ^^^^^^^^^^^^^^^^^^^^^^^^^^^^^^^^^^^^
  File "D:\AITHUCCHIEN\11236199-LeDangTan-Happynest-Thesis\backend\.venv\Lib\site-packages\anyio\to_thread.py", line 65, in run_sync
    return await get_async_backend().run_sync_in_worker_thread(
           ^^^^^^^^^^^^^^^^^^^^^^^^^^^^^^^^^^^^^^^^^^^^^^^^^^^^
  File "D:\AITHUCCHIEN\11236199-LeDangTan-Happynest-Thesis\backend\.venv\Lib\site-packages\anyio\_backends\_asyncio.py", line 2641, in run_sync_in_worker_thread
    return await future
           ^^^^^^^^^^^^
  File "D:\AITHUCCHIEN\11236199-LeDangTan-Happynest-Thesis\backend\.venv\Lib\site-packages\anyio\_backends\_asyncio.py", line 1033, in run
    result = context.run(func, *args)
             ^^^^^^^^^^^^^^^^^^^^^^^^
  File "D:\AITHUCCHIEN\11236199-LeDangTan-Happynest-Thesis\backend\app\api\routes\analysis.py", line 117, in list_analysis_runs
    rows = session.scalars(
           ^^^^^^^^^^^^^^^^
  File "D:\AITHUCCHIEN\11236199-LeDangTan-Happynest-Thesis\backend\.venv\Lib\site-packages\sqlalchemy\orm\session.py", line 2481, in scalars
    return self._execute_internal(
           ^^^^^^^^^^^^^^^^^^^^^^^
  File "D:\AITHUCCHIEN\11236199-LeDangTan-Happynest-Thesis\backend\.venv\Lib\site-packages\sqlalchemy\orm\session.py", line 2271, in _execute_internal
    result: Result[Any] = compile_state_cls.orm_execute_statement(
                          ^^^^^^^^^^^^^^^^^^^^^^^^^^^^^^^^^^^^^^^^
  File "D:\AITHUCCHIEN\11236199-LeDangTan-Happynest-Thesis\backend\.venv\Lib\site-packages\sqlalchemy\orm\context.py", line 306, in orm_execute_statement
    result = conn.execute(
             ^^^^^^^^^^^^^
  File "D:\AITHUCCHIEN\11236199-LeDangTan-Happynest-Thesis\backend\.venv\Lib\site-packages\sqlalchemy\engine\base.py", line 1421, in execute
    return meth(
           ^^^^^
  File "D:\AITHUCCHIEN\11236199-LeDangTan-Happynest-Thesis\backend\.venv\Lib\site-packages\sqlalchemy\sql\elements.py", line 526, in _execute_on_connection
    return connection._execute_clauseelement(
           ^^^^^^^^^^^^^^^^^^^^^^^^^^^^^^^^^^
  File "D:\AITHUCCHIEN\11236199-LeDangTan-Happynest-Thesis\backend\.venv\Lib\site-packages\sqlalchemy\engine\base.py", line 1643, in _execute_clauseelement
    ret = self._execute_context(
          ^^^^^^^^^^^^^^^^^^^^^^
  File "D:\AITHUCCHIEN\11236199-LeDangTan-Happynest-Thesis\backend\.venv\Lib\site-packages\sqlalchemy\engine\base.py", line 1848, in _execute_context
    return self._exec_single_context(
           ^^^^^^^^^^^^^^^^^^^^^^^^^^
  File "D:\AITHUCCHIEN\11236199-LeDangTan-Happynest-Thesis\backend\.venv\Lib\site-packages\sqlalchemy\engine\base.py", line 1988, in _exec_single_context
    self._handle_dbapi_exception(
  File "D:\AITHUCCHIEN\11236199-LeDangTan-Happynest-Thesis\backend\.venv\Lib\site-packages\sqlalchemy\engine\base.py", line 2365, in _handle_dbapi_exception
    raise sqlalchemy_exception.with_traceback(exc_info[2]) from e
  File "D:\AITHUCCHIEN\11236199-LeDangTan-Happynest-Thesis\backend\.venv\Lib\site-packages\sqlalchemy\engine\base.py", line 1969, in _exec_single_context
    self.dialect.do_execute(
  File "D:\AITHUCCHIEN\11236199-LeDangTan-Happynest-Thesis\backend\.venv\Lib\site-packages\sqlalchemy\engine\default.py", line 952, in do_execute
    cursor.execute(statement, parameters)
  File "D:\AITHUCCHIEN\11236199-LeDangTan-Happynest-Thesis\backend\.venv\Lib\site-packages\psycopg\cursor.py", line 117, in execute
    raise ex.with_traceback(None)
sqlalchemy.exc.ProgrammingError: (psycopg.errors.UndefinedColumn) column analysis_runs.import_id does not exist
LINE 1: ...ns.prompt_version, analysis_runs.embedding_model, analysis_r...
                                                             ^
[SQL: SELECT analysis_runs.id, analysis_runs.pipeline_version, analysis_runs.llm_model, analysis_runs.prompt_version, analysis_runs.embedding_model, analysis_runs.import_id, analysis_runs.mode, analysis_runs.chunk_size, analysis_runs.failed_count, analysis_runs.cancel_requested_at, analysis_runs.started_at, analysis_runs.completed_at, analysis_runs.status, analysis_runs.processed_count, analysis_runs.total_count, analysis_runs.error 
FROM analysis_runs ORDER BY analysis_runs.started_at DESC 
 LIMIT %(param_1)s::INTEGER]
[parameters: {'param_1': 50}]
(Background on this error at: https://sqlalche.me/e/20/f405)
2026-08-30 17:59:28,674 ERROR    app.main unhandled error on GET /api/analysis/runs: (psycopg.errors.UndefinedColumn) column analysis_runs.import_id does not exist
LINE 1: ...ns.prompt_version, analysis_runs.embedding_model, analysis_r...
                                                             ^
[SQL: SELECT analysis_runs.id, analysis_runs.pipeline_version, analysis_runs.llm_model, analysis_runs.prompt_version, analysis_runs.embedding_model, analysis_runs.import_id, analysis_runs.mode, analysis_runs.chunk_size, analysis_runs.failed_count, analysis_runs.cancel_requested_at, analysis_runs.started_at, analysis_runs.completed_at, analysis_runs.status, analysis_runs.processed_count, analysis_runs.total_count, analysis_runs.error 
FROM analysis_runs ORDER BY analysis_runs.started_at DESC 
 LIMIT %(param_1)s::INTEGER]
[parameters: {'param_1': 50}]
(Background on this error at: https://sqlalche.me/e/20/f405)
ERROR:    Exception in ASGI application
Traceback (most recent call last):
  File "D:\AITHUCCHIEN\11236199-LeDangTan-Happynest-Thesis\backend\.venv\Lib\site-packages\sqlalchemy\engine\base.py", line 1969, in _exec_single_context
    self.dialect.do_execute(
  File "D:\AITHUCCHIEN\11236199-LeDangTan-Happynest-Thesis\backend\.venv\Lib\site-packages\sqlalchemy\engine\default.py", line 952, in do_execute
    cursor.execute(statement, parameters)
  File "D:\AITHUCCHIEN\11236199-LeDangTan-Happynest-Thesis\backend\.venv\Lib\site-packages\psycopg\cursor.py", line 117, in execute
    raise ex.with_traceback(None)
psycopg.errors.UndefinedColumn: column analysis_runs.import_id does not exist
LINE 1: ...ns.prompt_version, analysis_runs.embedding_model, analysis_r...
                                                             ^

The above exception was the direct cause of the following exception:

Traceback (most recent call last):
  File "D:\AITHUCCHIEN\11236199-LeDangTan-Happynest-Thesis\backend\.venv\Lib\site-packages\uvicorn\protocols\http\h11_impl.py", line 416, in run_asgi
    result = await app(  # type: ignore[func-returns-value]
             ^^^^^^^^^^^^^^^^^^^^^^^^^^^^^^^^^^^^^^^^^^^^^^
  File "D:\AITHUCCHIEN\11236199-LeDangTan-Happynest-Thesis\backend\.venv\Lib\site-packages\uvicorn\middleware\proxy_headers.py", line 63, in __call__
    return await self.app(scope, receive, send)
           ^^^^^^^^^^^^^^^^^^^^^^^^^^^^^^^^^^^^
  File "D:\AITHUCCHIEN\11236199-LeDangTan-Happynest-Thesis\backend\.venv\Lib\site-packages\fastapi\applications.py", line 1163, in __call__
    await super().__call__(scope, receive, send)
  File "D:\AITHUCCHIEN\11236199-LeDangTan-Happynest-Thesis\backend\.venv\Lib\site-packages\starlette\applications.py", line 96, in __call__
    await self.middleware_stack(scope, receive, send)
  File "D:\AITHUCCHIEN\11236199-LeDangTan-Happynest-Thesis\backend\.venv\Lib\site-packages\starlette\middleware\errors.py", line 186, in __call__
    raise exc
  File "D:\AITHUCCHIEN\11236199-LeDangTan-Happynest-Thesis\backend\.venv\Lib\site-packages\starlette\middleware\errors.py", line 164, in __call__
    await self.app(scope, receive, _send)
  File "D:\AITHUCCHIEN\11236199-LeDangTan-Happynest-Thesis\backend\.venv\Lib\site-packages\starlette\middleware\cors.py", line 88, in __call__
    await self.app(scope, receive, send)
  File "D:\AITHUCCHIEN\11236199-LeDangTan-Happynest-Thesis\backend\.venv\Lib\site-packages\starlette\middleware\exceptions.py", line 63, in __call__
    await wrap_app_handling_exceptions(self.app, conn)(scope, receive, send)
  File "D:\AITHUCCHIEN\11236199-LeDangTan-Happynest-Thesis\backend\.venv\Lib\site-packages\starlette\_exception_handler.py", line 53, in wrapped_app
    raise exc
  File "D:\AITHUCCHIEN\11236199-LeDangTan-Happynest-Thesis\backend\.venv\Lib\site-packages\starlette\_exception_handler.py", line 42, in wrapped_app
    await app(scope, receive, sender)
  File "D:\AITHUCCHIEN\11236199-LeDangTan-Happynest-Thesis\backend\.venv\Lib\site-packages\fastapi\middleware\asyncexitstack.py", line 18, in __call__
    await self.app(scope, receive, send)
  File "D:\AITHUCCHIEN\11236199-LeDangTan-Happynest-Thesis\backend\.venv\Lib\site-packages\starlette\routing.py", line 670, in __call__
    await self.middleware_stack(scope, receive, send)
  File "D:\AITHUCCHIEN\11236199-LeDangTan-Happynest-Thesis\backend\.venv\Lib\site-packages\fastapi\routing.py", line 2734, in app
    await route.handle(scope, receive, send)
  File "D:\AITHUCCHIEN\11236199-LeDangTan-Happynest-Thesis\backend\.venv\Lib\site-packages\fastapi\routing.py", line 1780, in handle
    await self.original_router.handle(scope, receive, send)
  File "D:\AITHUCCHIEN\11236199-LeDangTan-Happynest-Thesis\backend\.venv\Lib\site-packages\fastapi\routing.py", line 2789, in handle
    await included_router._handle_selected(scope, receive, send)
  File "D:\AITHUCCHIEN\11236199-LeDangTan-Happynest-Thesis\backend\.venv\Lib\site-packages\fastapi\routing.py", line 1800, in _handle_selected
    await original_route.handle(scope, receive, send)
  File "D:\AITHUCCHIEN\11236199-LeDangTan-Happynest-Thesis\backend\.venv\Lib\site-packages\fastapi\routing.py", line 1279, in handle
    await app(scope, receive, send)
  File "D:\AITHUCCHIEN\11236199-LeDangTan-Happynest-Thesis\backend\.venv\Lib\site-packages\fastapi\routing.py", line 158, in app
    await wrap_app_handling_exceptions(app, request)(scope, receive, send)
  File "D:\AITHUCCHIEN\11236199-LeDangTan-Happynest-Thesis\backend\.venv\Lib\site-packages\starlette\_exception_handler.py", line 53, in wrapped_app
    raise exc
  File "D:\AITHUCCHIEN\11236199-LeDangTan-Happynest-Thesis\backend\.venv\Lib\site-packages\starlette\_exception_handler.py", line 42, in wrapped_app
    await app(scope, receive, sender)
  File "D:\AITHUCCHIEN\11236199-LeDangTan-Happynest-Thesis\backend\.venv\Lib\site-packages\fastapi\routing.py", line 144, in app
    response = await f(request)
               ^^^^^^^^^^^^^^^^
  File "D:\AITHUCCHIEN\11236199-LeDangTan-Happynest-Thesis\backend\.venv\Lib\site-packages\fastapi\routing.py", line 706, in app
    raw_response = await run_endpoint_function(
                   ^^^^^^^^^^^^^^^^^^^^^^^^^^^^
  File "D:\AITHUCCHIEN\11236199-LeDangTan-Happynest-Thesis\backend\.venv\Lib\site-packages\fastapi\routing.py", line 354, in run_endpoint_function
    return await run_in_threadpool(dependant.call, **values)
           ^^^^^^^^^^^^^^^^^^^^^^^^^^^^^^^^^^^^^^^^^^^^^^^^^
  File "D:\AITHUCCHIEN\11236199-LeDangTan-Happynest-Thesis\backend\.venv\Lib\site-packages\starlette\concurrency.py", line 34, in run_in_threadpool
    return await anyio.to_thread.run_sync(func)
           ^^^^^^^^^^^^^^^^^^^^^^^^^^^^^^^^^^^^
  File "D:\AITHUCCHIEN\11236199-LeDangTan-Happynest-Thesis\backend\.venv\Lib\site-packages\anyio\to_thread.py", line 65, in run_sync
    return await get_async_backend().run_sync_in_worker_thread(
           ^^^^^^^^^^^^^^^^^^^^^^^^^^^^^^^^^^^^^^^^^^^^^^^^^^^^
  File "D:\AITHUCCHIEN\11236199-LeDangTan-Happynest-Thesis\backend\.venv\Lib\site-packages\anyio\_backends\_asyncio.py", line 2641, in run_sync_in_worker_thread
    return await future
           ^^^^^^^^^^^^
  File "D:\AITHUCCHIEN\11236199-LeDangTan-Happynest-Thesis\backend\.venv\Lib\site-packages\anyio\_backends\_asyncio.py", line 1033, in run
    result = context.run(func, *args)
             ^^^^^^^^^^^^^^^^^^^^^^^^
  File "D:\AITHUCCHIEN\11236199-LeDangTan-Happynest-Thesis\backend\app\api\routes\analysis.py", line 117, in list_analysis_runs
    rows = session.scalars(
           ^^^^^^^^^^^^^^^^
  File "D:\AITHUCCHIEN\11236199-LeDangTan-Happynest-Thesis\backend\.venv\Lib\site-packages\sqlalchemy\orm\session.py", line 2481, in scalars
    return self._execute_internal(
           ^^^^^^^^^^^^^^^^^^^^^^^
  File "D:\AITHUCCHIEN\11236199-LeDangTan-Happynest-Thesis\backend\.venv\Lib\site-packages\sqlalchemy\orm\session.py", line 2271, in _execute_internal
    result: Result[Any] = compile_state_cls.orm_execute_statement(
                          ^^^^^^^^^^^^^^^^^^^^^^^^^^^^^^^^^^^^^^^^
  File "D:\AITHUCCHIEN\11236199-LeDangTan-Happynest-Thesis\backend\.venv\Lib\site-packages\sqlalchemy\orm\context.py", line 306, in orm_execute_statement
    result = conn.execute(
             ^^^^^^^^^^^^^
  File "D:\AITHUCCHIEN\11236199-LeDangTan-Happynest-Thesis\backend\.venv\Lib\site-packages\sqlalchemy\engine\base.py", line 1421, in execute
    return meth(
           ^^^^^
  File "D:\AITHUCCHIEN\11236199-LeDangTan-Happynest-Thesis\backend\.venv\Lib\site-packages\sqlalchemy\sql\elements.py", line 526, in _execute_on_connection
    return connection._execute_clauseelement(
           ^^^^^^^^^^^^^^^^^^^^^^^^^^^^^^^^^^
  File "D:\AITHUCCHIEN\11236199-LeDangTan-Happynest-Thesis\backend\.venv\Lib\site-packages\sqlalchemy\engine\base.py", line 1643, in _execute_clauseelement
    ret = self._execute_context(
          ^^^^^^^^^^^^^^^^^^^^^^
  File "D:\AITHUCCHIEN\11236199-LeDangTan-Happynest-Thesis\backend\.venv\Lib\site-packages\sqlalchemy\engine\base.py", line 1848, in _execute_context
    return self._exec_single_context(
           ^^^^^^^^^^^^^^^^^^^^^^^^^^
  File "D:\AITHUCCHIEN\11236199-LeDangTan-Happynest-Thesis\backend\.venv\Lib\site-packages\sqlalchemy\engine\base.py", line 1988, in _exec_single_context
    self._handle_dbapi_exception(
  File "D:\AITHUCCHIEN\11236199-LeDangTan-Happynest-Thesis\backend\.venv\Lib\site-packages\sqlalchemy\engine\base.py", line 2365, in _handle_dbapi_exception
    raise sqlalchemy_exception.with_traceback(exc_info[2]) from e
  File "D:\AITHUCCHIEN\11236199-LeDangTan-Happynest-Thesis\backend\.venv\Lib\site-packages\sqlalchemy\engine\base.py", line 1969, in _exec_single_context
    self.dialect.do_execute(
  File "D:\AITHUCCHIEN\11236199-LeDangTan-Happynest-Thesis\backend\.venv\Lib\site-packages\sqlalchemy\engine\default.py", line 952, in do_execute
    cursor.execute(statement, parameters)
  File "D:\AITHUCCHIEN\11236199-LeDangTan-Happynest-Thesis\backend\.venv\Lib\site-packages\psycopg\cursor.py", line 117, in execute
    raise ex.with_traceback(None)
sqlalchemy.exc.ProgrammingError: (psycopg.errors.UndefinedColumn) column analysis_runs.import_id does not exist
LINE 1: ...ns.prompt_version, analysis_runs.embedding_model, analysis_r...
                                                             ^
[SQL: SELECT analysis_runs.id, analysis_runs.pipeline_version, analysis_runs.llm_model, analysis_runs.prompt_version, analysis_runs.embedding_model, analysis_runs.import_id, analysis_runs.mode, analysis_runs.chunk_size, analysis_runs.failed_count, analysis_runs.cancel_requested_at, analysis_runs.started_at, analysis_runs.completed_at, analysis_runs.status, analysis_runs.processed_count, analysis_runs.total_count, analysis_runs.error 
FROM analysis_runs ORDER BY analysis_runs.started_at DESC 
 LIMIT %(param_1)s::INTEGER]
[parameters: {'param_1': 50}]
(Background on this error at: https://sqlalche.me/e/20/f405)
2026-08-30 17:59:28,787 ERROR    app.main unhandled error on GET /api/imports: (psycopg.errors.UndefinedColumn) column imports.original_filename does not exist
LINE 1: ...ct_id, imports.source_type, imports.storage_path, imports.or...
                                                             ^
[SQL: SELECT imports.id, imports.product_id, imports.source_type, imports.storage_path, imports.original_filename, imports.mapping_version, imports.schema_version, imports.status, imports.row_count, imports.source_row_count, imports.error, imports.column_profiles, imports.mapping_started_at, imports.mapping_proposal, imports.report, imports.created_at 
FROM imports ORDER BY CASE WHEN (imports.status IN (%(status_1_1)s, %(status_1_2)s, %(status_1_3)s)) THEN %(param_1)s::INTEGER WHEN (imports.status IN (%(status_2_1)s, %(status_2_2)s)) THEN %(param_2)s::INTEGER ELSE %(param_3)s::INTEGER END, imports.created_at DESC 
 LIMIT %(param_4)s::INTEGER OFFSET %(param_5)s::INTEGER]
[parameters: {'param_1': 0, 'param_2': 1, 'param_3': 2, 'param_4': 50, 'param_5': 0, 'status_1_1': 'profile_ready', 'status_1_2': 'mapping_review', 'status_1_3': 'failed', 'status_2_1': 'mapping_generating', 'status_2_2': 'importing'}]
(Background on this error at: https://sqlalche.me/e/20/f405)
ERROR:    Exception in ASGI application
Traceback (most recent call last):
  File "D:\AITHUCCHIEN\11236199-LeDangTan-Happynest-Thesis\backend\.venv\Lib\site-packages\sqlalchemy\engine\base.py", line 1969, in _exec_single_context
    self.dialect.do_execute(
  File "D:\AITHUCCHIEN\11236199-LeDangTan-Happynest-Thesis\backend\.venv\Lib\site-packages\sqlalchemy\engine\default.py", line 952, in do_execute
    cursor.execute(statement, parameters)
  File "D:\AITHUCCHIEN\11236199-LeDangTan-Happynest-Thesis\backend\.venv\Lib\site-packages\psycopg\cursor.py", line 117, in execute
    raise ex.with_traceback(None)
psycopg.errors.UndefinedColumn: column imports.original_filename does not exist
LINE 1: ...ct_id, imports.source_type, imports.storage_path, imports.or...
                                                             ^

The above exception was the direct cause of the following exception:

Traceback (most recent call last):
  File "D:\AITHUCCHIEN\11236199-LeDangTan-Happynest-Thesis\backend\.venv\Lib\site-packages\uvicorn\protocols\http\h11_impl.py", line 416, in run_asgi
    result = await app(  # type: ignore[func-returns-value]
             ^^^^^^^^^^^^^^^^^^^^^^^^^^^^^^^^^^^^^^^^^^^^^^
  File "D:\AITHUCCHIEN\11236199-LeDangTan-Happynest-Thesis\backend\.venv\Lib\site-packages\uvicorn\middleware\proxy_headers.py", line 63, in __call__
    return await self.app(scope, receive, send)
           ^^^^^^^^^^^^^^^^^^^^^^^^^^^^^^^^^^^^
  File "D:\AITHUCCHIEN\11236199-LeDangTan-Happynest-Thesis\backend\.venv\Lib\site-packages\fastapi\applications.py", line 1163, in __call__
    await super().__call__(scope, receive, send)
  File "D:\AITHUCCHIEN\11236199-LeDangTan-Happynest-Thesis\backend\.venv\Lib\site-packages\starlette\applications.py", line 96, in __call__
    await self.middleware_stack(scope, receive, send)
  File "D:\AITHUCCHIEN\11236199-LeDangTan-Happynest-Thesis\backend\.venv\Lib\site-packages\starlette\middleware\errors.py", line 186, in __call__
    raise exc
  File "D:\AITHUCCHIEN\11236199-LeDangTan-Happynest-Thesis\backend\.venv\Lib\site-packages\starlette\middleware\errors.py", line 164, in __call__
    await self.app(scope, receive, _send)
  File "D:\AITHUCCHIEN\11236199-LeDangTan-Happynest-Thesis\backend\.venv\Lib\site-packages\starlette\middleware\cors.py", line 88, in __call__
    await self.app(scope, receive, send)
  File "D:\AITHUCCHIEN\11236199-LeDangTan-Happynest-Thesis\backend\.venv\Lib\site-packages\starlette\middleware\exceptions.py", line 63, in __call__
    await wrap_app_handling_exceptions(self.app, conn)(scope, receive, send)
  File "D:\AITHUCCHIEN\11236199-LeDangTan-Happynest-Thesis\backend\.venv\Lib\site-packages\starlette\_exception_handler.py", line 53, in wrapped_app
    raise exc
  File "D:\AITHUCCHIEN\11236199-LeDangTan-Happynest-Thesis\backend\.venv\Lib\site-packages\starlette\_exception_handler.py", line 42, in wrapped_app
    await app(scope, receive, sender)
  File "D:\AITHUCCHIEN\11236199-LeDangTan-Happynest-Thesis\backend\.venv\Lib\site-packages\fastapi\middleware\asyncexitstack.py", line 18, in __call__
    await self.app(scope, receive, send)
  File "D:\AITHUCCHIEN\11236199-LeDangTan-Happynest-Thesis\backend\.venv\Lib\site-packages\starlette\routing.py", line 670, in __call__
    await self.middleware_stack(scope, receive, send)
  File "D:\AITHUCCHIEN\11236199-LeDangTan-Happynest-Thesis\backend\.venv\Lib\site-packages\fastapi\routing.py", line 2734, in app
    await route.handle(scope, receive, send)
  File "D:\AITHUCCHIEN\11236199-LeDangTan-Happynest-Thesis\backend\.venv\Lib\site-packages\fastapi\routing.py", line 1780, in handle
    await self.original_router.handle(scope, receive, send)
  File "D:\AITHUCCHIEN\11236199-LeDangTan-Happynest-Thesis\backend\.venv\Lib\site-packages\fastapi\routing.py", line 2789, in handle
    await included_router._handle_selected(scope, receive, send)
  File "D:\AITHUCCHIEN\11236199-LeDangTan-Happynest-Thesis\backend\.venv\Lib\site-packages\fastapi\routing.py", line 1800, in _handle_selected
    await original_route.handle(scope, receive, send)
  File "D:\AITHUCCHIEN\11236199-LeDangTan-Happynest-Thesis\backend\.venv\Lib\site-packages\fastapi\routing.py", line 1279, in handle
    await app(scope, receive, send)
  File "D:\AITHUCCHIEN\11236199-LeDangTan-Happynest-Thesis\backend\.venv\Lib\site-packages\fastapi\routing.py", line 158, in app
    await wrap_app_handling_exceptions(app, request)(scope, receive, send)
  File "D:\AITHUCCHIEN\11236199-LeDangTan-Happynest-Thesis\backend\.venv\Lib\site-packages\starlette\_exception_handler.py", line 53, in wrapped_app
    raise exc
  File "D:\AITHUCCHIEN\11236199-LeDangTan-Happynest-Thesis\backend\.venv\Lib\site-packages\starlette\_exception_handler.py", line 42, in wrapped_app
    await app(scope, receive, sender)
  File "D:\AITHUCCHIEN\11236199-LeDangTan-Happynest-Thesis\backend\.venv\Lib\site-packages\fastapi\routing.py", line 144, in app
    response = await f(request)
               ^^^^^^^^^^^^^^^^
  File "D:\AITHUCCHIEN\11236199-LeDangTan-Happynest-Thesis\backend\.venv\Lib\site-packages\fastapi\routing.py", line 706, in app
    raw_response = await run_endpoint_function(
                   ^^^^^^^^^^^^^^^^^^^^^^^^^^^^
  File "D:\AITHUCCHIEN\11236199-LeDangTan-Happynest-Thesis\backend\.venv\Lib\site-packages\fastapi\routing.py", line 354, in run_endpoint_function
    return await run_in_threadpool(dependant.call, **values)
           ^^^^^^^^^^^^^^^^^^^^^^^^^^^^^^^^^^^^^^^^^^^^^^^^^
  File "D:\AITHUCCHIEN\11236199-LeDangTan-Happynest-Thesis\backend\.venv\Lib\site-packages\starlette\concurrency.py", line 34, in run_in_threadpool
    return await anyio.to_thread.run_sync(func)
           ^^^^^^^^^^^^^^^^^^^^^^^^^^^^^^^^^^^^
  File "D:\AITHUCCHIEN\11236199-LeDangTan-Happynest-Thesis\backend\.venv\Lib\site-packages\anyio\to_thread.py", line 65, in run_sync
    return await get_async_backend().run_sync_in_worker_thread(
           ^^^^^^^^^^^^^^^^^^^^^^^^^^^^^^^^^^^^^^^^^^^^^^^^^^^^
  File "D:\AITHUCCHIEN\11236199-LeDangTan-Happynest-Thesis\backend\.venv\Lib\site-packages\anyio\_backends\_asyncio.py", line 2641, in run_sync_in_worker_thread
    return await future
           ^^^^^^^^^^^^
  File "D:\AITHUCCHIEN\11236199-LeDangTan-Happynest-Thesis\backend\.venv\Lib\site-packages\anyio\_backends\_asyncio.py", line 1033, in run
    result = context.run(func, *args)
             ^^^^^^^^^^^^^^^^^^^^^^^^
  File "D:\AITHUCCHIEN\11236199-LeDangTan-Happynest-Thesis\backend\app\api\routes\imports.py", line 121, in list_imports
    rows = session.scalars(
           ^^^^^^^^^^^^^^^^
  File "D:\AITHUCCHIEN\11236199-LeDangTan-Happynest-Thesis\backend\.venv\Lib\site-packages\sqlalchemy\orm\session.py", line 2481, in scalars
    return self._execute_internal(
           ^^^^^^^^^^^^^^^^^^^^^^^
  File "D:\AITHUCCHIEN\11236199-LeDangTan-Happynest-Thesis\backend\.venv\Lib\site-packages\sqlalchemy\orm\session.py", line 2271, in _execute_internal
    result: Result[Any] = compile_state_cls.orm_execute_statement(
                          ^^^^^^^^^^^^^^^^^^^^^^^^^^^^^^^^^^^^^^^^
  File "D:\AITHUCCHIEN\11236199-LeDangTan-Happynest-Thesis\backend\.venv\Lib\site-packages\sqlalchemy\orm\context.py", line 306, in orm_execute_statement
    result = conn.execute(
             ^^^^^^^^^^^^^
  File "D:\AITHUCCHIEN\11236199-LeDangTan-Happynest-Thesis\backend\.venv\Lib\site-packages\sqlalchemy\engine\base.py", line 1421, in execute
    return meth(
           ^^^^^
  File "D:\AITHUCCHIEN\11236199-LeDangTan-Happynest-Thesis\backend\.venv\Lib\site-packages\sqlalchemy\sql\elements.py", line 526, in _execute_on_connection
    return connection._execute_clauseelement(
           ^^^^^^^^^^^^^^^^^^^^^^^^^^^^^^^^^^
  File "D:\AITHUCCHIEN\11236199-LeDangTan-Happynest-Thesis\backend\.venv\Lib\site-packages\sqlalchemy\engine\base.py", line 1643, in _execute_clauseelement
    ret = self._execute_context(
          ^^^^^^^^^^^^^^^^^^^^^^
  File "D:\AITHUCCHIEN\11236199-LeDangTan-Happynest-Thesis\backend\.venv\Lib\site-packages\sqlalchemy\engine\base.py", line 1848, in _execute_context
    return self._exec_single_context(
           ^^^^^^^^^^^^^^^^^^^^^^^^^^
  File "D:\AITHUCCHIEN\11236199-LeDangTan-Happynest-Thesis\backend\.venv\Lib\site-packages\sqlalchemy\engine\base.py", line 1988, in _exec_single_context
    self._handle_dbapi_exception(
  File "D:\AITHUCCHIEN\11236199-LeDangTan-Happynest-Thesis\backend\.venv\Lib\site-packages\sqlalchemy\engine\base.py", line 2365, in _handle_dbapi_exception
    raise sqlalchemy_exception.with_traceback(exc_info[2]) from e
  File "D:\AITHUCCHIEN\11236199-LeDangTan-Happynest-Thesis\backend\.venv\Lib\site-packages\sqlalchemy\engine\base.py", line 1969, in _exec_single_context
    self.dialect.do_execute(
  File "D:\AITHUCCHIEN\11236199-LeDangTan-Happynest-Thesis\backend\.venv\Lib\site-packages\sqlalchemy\engine\default.py", line 952, in do_execute
    cursor.execute(statement, parameters)
  File "D:\AITHUCCHIEN\11236199-LeDangTan-Happynest-Thesis\backend\.venv\Lib\site-packages\psycopg\cursor.py", line 117, in execute
    raise ex.with_traceback(None)
sqlalchemy.exc.ProgrammingError: (psycopg.errors.UndefinedColumn) column imports.original_filename does not exist
LINE 1: ...ct_id, imports.source_type, imports.storage_path, imports.or...
                                                             ^
[SQL: SELECT imports.id, imports.product_id, imports.source_type, imports.storage_path, imports.original_filename, imports.mapping_version, imports.schema_version, imports.status, imports.row_count, imports.source_row_count, imports.error, imports.column_profiles, imports.mapping_started_at, imports.mapping_proposal, imports.report, imports.created_at 
FROM imports ORDER BY CASE WHEN (imports.status IN (%(status_1_1)s, %(status_1_2)s, %(status_1_3)s)) THEN %(param_1)s::INTEGER WHEN (imports.status IN (%(status_2_1)s, %(status_2_2)s)) THEN %(param_2)s::INTEGER ELSE %(param_3)s::INTEGER END, imports.created_at DESC 
 LIMIT %(param_4)s::INTEGER OFFSET %(param_5)s::INTEGER]
[parameters: {'param_1': 0, 'param_2': 1, 'param_3': 2, 'param_4': 50, 'param_5': 0, 'status_1_1': 'profile_ready', 'status_1_2': 'mapping_review', 'status_1_3': 'failed', 'status_2_1': 'mapping_generating', 'status_2_2': 'importing'}]
(Background on this error at: https://sqlalche.me/e/20/f405)
2026-08-30 17:59:30,127 ERROR    app.main unhandled error on GET /api/imports: (psycopg.errors.UndefinedColumn) column imports.original_filename does not exist
LINE 1: ...ct_id, imports.source_type, imports.storage_path, imports.or...
                                                             ^
[SQL: SELECT imports.id, imports.product_id, imports.source_type, imports.storage_path, imports.original_filename, imports.mapping_version, imports.schema_version, imports.status, imports.row_count, imports.source_row_count, imports.error, imports.column_profiles, imports.mapping_started_at, imports.mapping_proposal, imports.report, imports.created_at 
FROM imports ORDER BY CASE WHEN (imports.status IN (%(status_1_1)s, %(status_1_2)s, %(status_1_3)s)) THEN %(param_1)s::INTEGER WHEN (imports.status IN (%(status_2_1)s, %(status_2_2)s)) THEN %(param_2)s::INTEGER ELSE %(param_3)s::INTEGER END, imports.created_at DESC 
 LIMIT %(param_4)s::INTEGER OFFSET %(param_5)s::INTEGER]
[parameters: {'param_1': 0, 'param_2': 1, 'param_3': 2, 'param_4': 50, 'param_5': 0, 'status_1_1': 'profile_ready', 'status_1_2': 'mapping_review', 'status_1_3': 'failed', 'status_2_1': 'mapping_generating', 'status_2_2': 'importing'}]
(Background on this error at: https://sqlalche.me/e/20/f405)
ERROR:    Exception in ASGI application
Traceback (most recent call last):
  File "D:\AITHUCCHIEN\11236199-LeDangTan-Happynest-Thesis\backend\.venv\Lib\site-packages\sqlalchemy\engine\base.py", line 1969, in _exec_single_context
    self.dialect.do_execute(
  File "D:\AITHUCCHIEN\11236199-LeDangTan-Happynest-Thesis\backend\.venv\Lib\site-packages\sqlalchemy\engine\default.py", line 952, in do_execute
    cursor.execute(statement, parameters)
  File "D:\AITHUCCHIEN\11236199-LeDangTan-Happynest-Thesis\backend\.venv\Lib\site-packages\psycopg\cursor.py", line 117, in execute
    raise ex.with_traceback(None)
psycopg.errors.UndefinedColumn: column imports.original_filename does not exist
LINE 1: ...ct_id, imports.source_type, imports.storage_path, imports.or...
                                                             ^

The above exception was the direct cause of the following exception:

Traceback (most recent call last):
  File "D:\AITHUCCHIEN\11236199-LeDangTan-Happynest-Thesis\backend\.venv\Lib\site-packages\uvicorn\protocols\http\h11_impl.py", line 416, in run_asgi
    result = await app(  # type: ignore[func-returns-value]
             ^^^^^^^^^^^^^^^^^^^^^^^^^^^^^^^^^^^^^^^^^^^^^^
  File "D:\AITHUCCHIEN\11236199-LeDangTan-Happynest-Thesis\backend\.venv\Lib\site-packages\uvicorn\middleware\proxy_headers.py", line 63, in __call__
    return await self.app(scope, receive, send)
           ^^^^^^^^^^^^^^^^^^^^^^^^^^^^^^^^^^^^
  File "D:\AITHUCCHIEN\11236199-LeDangTan-Happynest-Thesis\backend\.venv\Lib\site-packages\fastapi\applications.py", line 1163, in __call__
    await super().__call__(scope, receive, send)
  File "D:\AITHUCCHIEN\11236199-LeDangTan-Happynest-Thesis\backend\.venv\Lib\site-packages\starlette\applications.py", line 96, in __call__
    await self.middleware_stack(scope, receive, send)
  File "D:\AITHUCCHIEN\11236199-LeDangTan-Happynest-Thesis\backend\.venv\Lib\site-packages\starlette\middleware\errors.py", line 186, in __call__
    raise exc
  File "D:\AITHUCCHIEN\11236199-LeDangTan-Happynest-Thesis\backend\.venv\Lib\site-packages\starlette\middleware\errors.py", line 164, in __call__
    await self.app(scope, receive, _send)
  File "D:\AITHUCCHIEN\11236199-LeDangTan-Happynest-Thesis\backend\.venv\Lib\site-packages\starlette\middleware\cors.py", line 88, in __call__
    await self.app(scope, receive, send)
  File "D:\AITHUCCHIEN\11236199-LeDangTan-Happynest-Thesis\backend\.venv\Lib\site-packages\starlette\middleware\exceptions.py", line 63, in __call__
    await wrap_app_handling_exceptions(self.app, conn)(scope, receive, send)
  File "D:\AITHUCCHIEN\11236199-LeDangTan-Happynest-Thesis\backend\.venv\Lib\site-packages\starlette\_exception_handler.py", line 53, in wrapped_app
    raise exc
  File "D:\AITHUCCHIEN\11236199-LeDangTan-Happynest-Thesis\backend\.venv\Lib\site-packages\starlette\_exception_handler.py", line 42, in wrapped_app
    await app(scope, receive, sender)
  File "D:\AITHUCCHIEN\11236199-LeDangTan-Happynest-Thesis\backend\.venv\Lib\site-packages\fastapi\middleware\asyncexitstack.py", line 18, in __call__
    await self.app(scope, receive, send)
  File "D:\AITHUCCHIEN\11236199-LeDangTan-Happynest-Thesis\backend\.venv\Lib\site-packages\starlette\routing.py", line 670, in __call__
    await self.middleware_stack(scope, receive, send)
  File "D:\AITHUCCHIEN\11236199-LeDangTan-Happynest-Thesis\backend\.venv\Lib\site-packages\fastapi\routing.py", line 2734, in app
    await route.handle(scope, receive, send)
  File "D:\AITHUCCHIEN\11236199-LeDangTan-Happynest-Thesis\backend\.venv\Lib\site-packages\fastapi\routing.py", line 1780, in handle
    await self.original_router.handle(scope, receive, send)
  File "D:\AITHUCCHIEN\11236199-LeDangTan-Happynest-Thesis\backend\.venv\Lib\site-packages\fastapi\routing.py", line 2789, in handle
    await included_router._handle_selected(scope, receive, send)
  File "D:\AITHUCCHIEN\11236199-LeDangTan-Happynest-Thesis\backend\.venv\Lib\site-packages\fastapi\routing.py", line 1800, in _handle_selected
    await original_route.handle(scope, receive, send)
  File "D:\AITHUCCHIEN\11236199-LeDangTan-Happynest-Thesis\backend\.venv\Lib\site-packages\fastapi\routing.py", line 1279, in handle
    await app(scope, receive, send)
  File "D:\AITHUCCHIEN\11236199-LeDangTan-Happynest-Thesis\backend\.venv\Lib\site-packages\fastapi\routing.py", line 158, in app
    await wrap_app_handling_exceptions(app, request)(scope, receive, send)
  File "D:\AITHUCCHIEN\11236199-LeDangTan-Happynest-Thesis\backend\.venv\Lib\site-packages\starlette\_exception_handler.py", line 53, in wrapped_app
    raise exc
  File "D:\AITHUCCHIEN\11236199-LeDangTan-Happynest-Thesis\backend\.venv\Lib\site-packages\starlette\_exception_handler.py", line 42, in wrapped_app
    await app(scope, receive, sender)
  File "D:\AITHUCCHIEN\11236199-LeDangTan-Happynest-Thesis\backend\.venv\Lib\site-packages\fastapi\routing.py", line 144, in app
    response = await f(request)
               ^^^^^^^^^^^^^^^^
  File "D:\AITHUCCHIEN\11236199-LeDangTan-Happynest-Thesis\backend\.venv\Lib\site-packages\fastapi\routing.py", line 706, in app
    raw_response = await run_endpoint_function(
                   ^^^^^^^^^^^^^^^^^^^^^^^^^^^^
  File "D:\AITHUCCHIEN\11236199-LeDangTan-Happynest-Thesis\backend\.venv\Lib\site-packages\fastapi\routing.py", line 354, in run_endpoint_function
    return await run_in_threadpool(dependant.call, **values)
           ^^^^^^^^^^^^^^^^^^^^^^^^^^^^^^^^^^^^^^^^^^^^^^^^^
  File "D:\AITHUCCHIEN\11236199-LeDangTan-Happynest-Thesis\backend\.venv\Lib\site-packages\starlette\concurrency.py", line 34, in run_in_threadpool
    return await anyio.to_thread.run_sync(func)
           ^^^^^^^^^^^^^^^^^^^^^^^^^^^^^^^^^^^^
  File "D:\AITHUCCHIEN\11236199-LeDangTan-Happynest-Thesis\backend\.venv\Lib\site-packages\anyio\to_thread.py", line 65, in run_sync
    return await get_async_backend().run_sync_in_worker_thread(
           ^^^^^^^^^^^^^^^^^^^^^^^^^^^^^^^^^^^^^^^^^^^^^^^^^^^^
  File "D:\AITHUCCHIEN\11236199-LeDangTan-Happynest-Thesis\backend\.venv\Lib\site-packages\anyio\_backends\_asyncio.py", line 2641, in run_sync_in_worker_thread
    return await future
           ^^^^^^^^^^^^
  File "D:\AITHUCCHIEN\11236199-LeDangTan-Happynest-Thesis\backend\.venv\Lib\site-packages\anyio\_backends\_asyncio.py", line 1033, in run
    result = context.run(func, *args)
             ^^^^^^^^^^^^^^^^^^^^^^^^
  File "D:\AITHUCCHIEN\11236199-LeDangTan-Happynest-Thesis\backend\app\api\routes\imports.py", line 121, in list_imports
    rows = session.scalars(
           ^^^^^^^^^^^^^^^^
  File "D:\AITHUCCHIEN\11236199-LeDangTan-Happynest-Thesis\backend\.venv\Lib\site-packages\sqlalchemy\orm\session.py", line 2481, in scalars
    return self._execute_internal(
           ^^^^^^^^^^^^^^^^^^^^^^^
  File "D:\AITHUCCHIEN\11236199-LeDangTan-Happynest-Thesis\backend\.venv\Lib\site-packages\sqlalchemy\orm\session.py", line 2271, in _execute_internal
    result: Result[Any] = compile_state_cls.orm_execute_statement(
                          ^^^^^^^^^^^^^^^^^^^^^^^^^^^^^^^^^^^^^^^^
  File "D:\AITHUCCHIEN\11236199-LeDangTan-Happynest-Thesis\backend\.venv\Lib\site-packages\sqlalchemy\orm\context.py", line 306, in orm_execute_statement
    result = conn.execute(
             ^^^^^^^^^^^^^
  File "D:\AITHUCCHIEN\11236199-LeDangTan-Happynest-Thesis\backend\.venv\Lib\site-packages\sqlalchemy\engine\base.py", line 1421, in execute
    return meth(
           ^^^^^
  File "D:\AITHUCCHIEN\11236199-LeDangTan-Happynest-Thesis\backend\.venv\Lib\site-packages\sqlalchemy\sql\elements.py", line 526, in _execute_on_connection
    return connection._execute_clauseelement(
           ^^^^^^^^^^^^^^^^^^^^^^^^^^^^^^^^^^
  File "D:\AITHUCCHIEN\11236199-LeDangTan-Happynest-Thesis\backend\.venv\Lib\site-packages\sqlalchemy\engine\base.py", line 1643, in _execute_clauseelement
    ret = self._execute_context(
          ^^^^^^^^^^^^^^^^^^^^^^
  File "D:\AITHUCCHIEN\11236199-LeDangTan-Happynest-Thesis\backend\.venv\Lib\site-packages\sqlalchemy\engine\base.py", line 1848, in _execute_context
    return self._exec_single_context(
           ^^^^^^^^^^^^^^^^^^^^^^^^^^
  File "D:\AITHUCCHIEN\11236199-LeDangTan-Happynest-Thesis\backend\.venv\Lib\site-packages\sqlalchemy\engine\base.py", line 1988, in _exec_single_context
    self._handle_dbapi_exception(
  File "D:\AITHUCCHIEN\11236199-LeDangTan-Happynest-Thesis\backend\.venv\Lib\site-packages\sqlalchemy\engine\base.py", line 2365, in _handle_dbapi_exception
    raise sqlalchemy_exception.with_traceback(exc_info[2]) from e
  File "D:\AITHUCCHIEN\11236199-LeDangTan-Happynest-Thesis\backend\.venv\Lib\site-packages\sqlalchemy\engine\base.py", line 1969, in _exec_single_context
    self.dialect.do_execute(
  File "D:\AITHUCCHIEN\11236199-LeDangTan-Happynest-Thesis\backend\.venv\Lib\site-packages\sqlalchemy\engine\default.py", line 952, in do_execute
    cursor.execute(statement, parameters)
  File "D:\AITHUCCHIEN\11236199-LeDangTan-Happynest-Thesis\backend\.venv\Lib\site-packages\psycopg\cursor.py", line 117, in execute
    raise ex.with_traceback(None)
sqlalchemy.exc.ProgrammingError: (psycopg.errors.UndefinedColumn) column imports.original_filename does not exist
LINE 1: ...ct_id, imports.source_type, imports.storage_path, imports.or...
                                                             ^
[SQL: SELECT imports.id, imports.product_id, imports.source_type, imports.storage_path, imports.original_filename, imports.mapping_version, imports.schema_version, imports.status, imports.row_count, imports.source_row_count, imports.error, imports.column_profiles, imports.mapping_started_at, imports.mapping_proposal, imports.report, imports.created_at 
FROM imports ORDER BY CASE WHEN (imports.status IN (%(status_1_1)s, %(status_1_2)s, %(status_1_3)s)) THEN %(param_1)s::INTEGER WHEN (imports.status IN (%(status_2_1)s, %(status_2_2)s)) THEN %(param_2)s::INTEGER ELSE %(param_3)s::INTEGER END, imports.created_at DESC 
 LIMIT %(param_4)s::INTEGER OFFSET %(param_5)s::INTEGER]
[parameters: {'param_1': 0, 'param_2': 1, 'param_3': 2, 'param_4': 50, 'param_5': 0, 'status_1_1': 'profile_ready', 'status_1_2': 'mapping_review', 'status_1_3': 'failed', 'status_2_1': 'mapping_generating', 'status_2_2': 'importing'}]
(Background on this error at: https://sqlalche.me/e/20/f405)
2026-08-30 17:59:31,201 ERROR    app.main unhandled error on GET /api/imports: (psycopg.errors.UndefinedColumn) column imports.original_filename does not exist
LINE 1: ...ct_id, imports.source_type, imports.storage_path, imports.or...
                                                             ^
[SQL: SELECT imports.id, imports.product_id, imports.source_type, imports.storage_path, imports.original_filename, imports.mapping_version, imports.schema_version, imports.status, imports.row_count, imports.source_row_count, imports.error, imports.column_profiles, imports.mapping_started_at, imports.mapping_proposal, imports.report, imports.created_at 
FROM imports ORDER BY CASE WHEN (imports.status IN (%(status_1_1)s, %(status_1_2)s, %(status_1_3)s)) THEN %(param_1)s::INTEGER WHEN (imports.status IN (%(status_2_1)s, %(status_2_2)s)) THEN %(param_2)s::INTEGER ELSE %(param_3)s::INTEGER END, imports.created_at DESC 
 LIMIT %(param_4)s::INTEGER OFFSET %(param_5)s::INTEGER]
[parameters: {'param_1': 0, 'param_2': 1, 'param_3': 2, 'param_4': 50, 'param_5': 0, 'status_1_1': 'profile_ready', 'status_1_2': 'mapping_review', 'status_1_3': 'failed', 'status_2_1': 'mapping_generating', 'status_2_2': 'importing'}]
(Background on this error at: https://sqlalche.me/e/20/f405)
ERROR:    Exception in ASGI application
Traceback (most recent call last):
  File "D:\AITHUCCHIEN\11236199-LeDangTan-Happynest-Thesis\backend\.venv\Lib\site-packages\sqlalchemy\engine\base.py", line 1969, in _exec_single_context
    self.dialect.do_execute(
  File "D:\AITHUCCHIEN\11236199-LeDangTan-Happynest-Thesis\backend\.venv\Lib\site-packages\sqlalchemy\engine\default.py", line 952, in do_execute
    cursor.execute(statement, parameters)
  File "D:\AITHUCCHIEN\11236199-LeDangTan-Happynest-Thesis\backend\.venv\Lib\site-packages\psycopg\cursor.py", line 117, in execute
    raise ex.with_traceback(None)
psycopg.errors.UndefinedColumn: column imports.original_filename does not exist
LINE 1: ...ct_id, imports.source_type, imports.storage_path, imports.or...
                                                             ^

The above exception was the direct cause of the following exception:

Traceback (most recent call last):
  File "D:\AITHUCCHIEN\11236199-LeDangTan-Happynest-Thesis\backend\.venv\Lib\site-packages\uvicorn\protocols\http\h11_impl.py", line 416, in run_asgi
    result = await app(  # type: ignore[func-returns-value]
             ^^^^^^^^^^^^^^^^^^^^^^^^^^^^^^^^^^^^^^^^^^^^^^
  File "D:\AITHUCCHIEN\11236199-LeDangTan-Happynest-Thesis\backend\.venv\Lib\site-packages\uvicorn\middleware\proxy_headers.py", line 63, in __call__
    return await self.app(scope, receive, send)
           ^^^^^^^^^^^^^^^^^^^^^^^^^^^^^^^^^^^^
  File "D:\AITHUCCHIEN\11236199-LeDangTan-Happynest-Thesis\backend\.venv\Lib\site-packages\fastapi\applications.py", line 1163, in __call__
    await super().__call__(scope, receive, send)
  File "D:\AITHUCCHIEN\11236199-LeDangTan-Happynest-Thesis\backend\.venv\Lib\site-packages\starlette\applications.py", line 96, in __call__
    await self.middleware_stack(scope, receive, send)
  File "D:\AITHUCCHIEN\11236199-LeDangTan-Happynest-Thesis\backend\.venv\Lib\site-packages\starlette\middleware\errors.py", line 186, in __call__
    raise exc
  File "D:\AITHUCCHIEN\11236199-LeDangTan-Happynest-Thesis\backend\.venv\Lib\site-packages\starlette\middleware\errors.py", line 164, in __call__
    await self.app(scope, receive, _send)
  File "D:\AITHUCCHIEN\11236199-LeDangTan-Happynest-Thesis\backend\.venv\Lib\site-packages\starlette\middleware\cors.py", line 88, in __call__
    await self.app(scope, receive, send)
  File "D:\AITHUCCHIEN\11236199-LeDangTan-Happynest-Thesis\backend\.venv\Lib\site-packages\starlette\middleware\exceptions.py", line 63, in __call__
    await wrap_app_handling_exceptions(self.app, conn)(scope, receive, send)
  File "D:\AITHUCCHIEN\11236199-LeDangTan-Happynest-Thesis\backend\.venv\Lib\site-packages\starlette\_exception_handler.py", line 53, in wrapped_app
    raise exc
  File "D:\AITHUCCHIEN\11236199-LeDangTan-Happynest-Thesis\backend\.venv\Lib\site-packages\starlette\_exception_handler.py", line 42, in wrapped_app
    await app(scope, receive, sender)
  File "D:\AITHUCCHIEN\11236199-LeDangTan-Happynest-Thesis\backend\.venv\Lib\site-packages\fastapi\middleware\asyncexitstack.py", line 18, in __call__
    await self.app(scope, receive, send)
  File "D:\AITHUCCHIEN\11236199-LeDangTan-Happynest-Thesis\backend\.venv\Lib\site-packages\starlette\routing.py", line 670, in __call__
    await self.middleware_stack(scope, receive, send)
  File "D:\AITHUCCHIEN\11236199-LeDangTan-Happynest-Thesis\backend\.venv\Lib\site-packages\fastapi\routing.py", line 2734, in app
    await route.handle(scope, receive, send)
  File "D:\AITHUCCHIEN\11236199-LeDangTan-Happynest-Thesis\backend\.venv\Lib\site-packages\fastapi\routing.py", line 1780, in handle
    await self.original_router.handle(scope, receive, send)
  File "D:\AITHUCCHIEN\11236199-LeDangTan-Happynest-Thesis\backend\.venv\Lib\site-packages\fastapi\routing.py", line 2789, in handle
    await included_router._handle_selected(scope, receive, send)
  File "D:\AITHUCCHIEN\11236199-LeDangTan-Happynest-Thesis\backend\.venv\Lib\site-packages\fastapi\routing.py", line 1800, in _handle_selected
    await original_route.handle(scope, receive, send)
  File "D:\AITHUCCHIEN\11236199-LeDangTan-Happynest-Thesis\backend\.venv\Lib\site-packages\fastapi\routing.py", line 1279, in handle
    await app(scope, receive, send)
  File "D:\AITHUCCHIEN\11236199-LeDangTan-Happynest-Thesis\backend\.venv\Lib\site-packages\fastapi\routing.py", line 158, in app
    await wrap_app_handling_exceptions(app, request)(scope, receive, send)
  File "D:\AITHUCCHIEN\11236199-LeDangTan-Happynest-Thesis\backend\.venv\Lib\site-packages\starlette\_exception_handler.py", line 53, in wrapped_app
    raise exc
  File "D:\AITHUCCHIEN\11236199-LeDangTan-Happynest-Thesis\backend\.venv\Lib\site-packages\starlette\_exception_handler.py", line 42, in wrapped_app
    await app(scope, receive, sender)
  File "D:\AITHUCCHIEN\11236199-LeDangTan-Happynest-Thesis\backend\.venv\Lib\site-packages\fastapi\routing.py", line 144, in app
    response = await f(request)
               ^^^^^^^^^^^^^^^^
  File "D:\AITHUCCHIEN\11236199-LeDangTan-Happynest-Thesis\backend\.venv\Lib\site-packages\fastapi\routing.py", line 706, in app
    raw_response = await run_endpoint_function(
                   ^^^^^^^^^^^^^^^^^^^^^^^^^^^^
  File "D:\AITHUCCHIEN\11236199-LeDangTan-Happynest-Thesis\backend\.venv\Lib\site-packages\fastapi\routing.py", line 354, in run_endpoint_function
    return await run_in_threadpool(dependant.call, **values)
           ^^^^^^^^^^^^^^^^^^^^^^^^^^^^^^^^^^^^^^^^^^^^^^^^^
  File "D:\AITHUCCHIEN\11236199-LeDangTan-Happynest-Thesis\backend\.venv\Lib\site-packages\starlette\concurrency.py", line 34, in run_in_threadpool
    return await anyio.to_thread.run_sync(func)
           ^^^^^^^^^^^^^^^^^^^^^^^^^^^^^^^^^^^^
  File "D:\AITHUCCHIEN\11236199-LeDangTan-Happynest-Thesis\backend\.venv\Lib\site-packages\anyio\to_thread.py", line 65, in run_sync
    return await get_async_backend().run_sync_in_worker_thread(
           ^^^^^^^^^^^^^^^^^^^^^^^^^^^^^^^^^^^^^^^^^^^^^^^^^^^^
  File "D:\AITHUCCHIEN\11236199-LeDangTan-Happynest-Thesis\backend\.venv\Lib\site-packages\anyio\_backends\_asyncio.py", line 2641, in run_sync_in_worker_thread
    return await future
           ^^^^^^^^^^^^
  File "D:\AITHUCCHIEN\11236199-LeDangTan-Happynest-Thesis\backend\.venv\Lib\site-packages\anyio\_backends\_asyncio.py", line 1033, in run
    result = context.run(func, *args)
             ^^^^^^^^^^^^^^^^^^^^^^^^
  File "D:\AITHUCCHIEN\11236199-LeDangTan-Happynest-Thesis\backend\app\api\routes\imports.py", line 121, in list_imports
    rows = session.scalars(
           ^^^^^^^^^^^^^^^^
  File "D:\AITHUCCHIEN\11236199-LeDangTan-Happynest-Thesis\backend\.venv\Lib\site-packages\sqlalchemy\orm\session.py", line 2481, in scalars
    return self._execute_internal(
           ^^^^^^^^^^^^^^^^^^^^^^^
  File "D:\AITHUCCHIEN\11236199-LeDangTan-Happynest-Thesis\backend\.venv\Lib\site-packages\sqlalchemy\orm\session.py", line 2271, in _execute_internal
    result: Result[Any] = compile_state_cls.orm_execute_statement(
                          ^^^^^^^^^^^^^^^^^^^^^^^^^^^^^^^^^^^^^^^^
  File "D:\AITHUCCHIEN\11236199-LeDangTan-Happynest-Thesis\backend\.venv\Lib\site-packages\sqlalchemy\orm\context.py", line 306, in orm_execute_statement
    result = conn.execute(
             ^^^^^^^^^^^^^
  File "D:\AITHUCCHIEN\11236199-LeDangTan-Happynest-Thesis\backend\.venv\Lib\site-packages\sqlalchemy\engine\base.py", line 1421, in execute
    return meth(
           ^^^^^
  File "D:\AITHUCCHIEN\11236199-LeDangTan-Happynest-Thesis\backend\.venv\Lib\site-packages\sqlalchemy\sql\elements.py", line 526, in _execute_on_connection
    return connection._execute_clauseelement(
           ^^^^^^^^^^^^^^^^^^^^^^^^^^^^^^^^^^
  File "D:\AITHUCCHIEN\11236199-LeDangTan-Happynest-Thesis\backend\.venv\Lib\site-packages\sqlalchemy\engine\base.py", line 1643, in _execute_clauseelement
    ret = self._execute_context(
          ^^^^^^^^^^^^^^^^^^^^^^
  File "D:\AITHUCCHIEN\11236199-LeDangTan-Happynest-Thesis\backend\.venv\Lib\site-packages\sqlalchemy\engine\base.py", line 1848, in _execute_context
    return self._exec_single_context(
           ^^^^^^^^^^^^^^^^^^^^^^^^^^
  File "D:\AITHUCCHIEN\11236199-LeDangTan-Happynest-Thesis\backend\.venv\Lib\site-packages\sqlalchemy\engine\base.py", line 1988, in _exec_single_context
    self._handle_dbapi_exception(
  File "D:\AITHUCCHIEN\11236199-LeDangTan-Happynest-Thesis\backend\.venv\Lib\site-packages\sqlalchemy\engine\base.py", line 2365, in _handle_dbapi_exception
    raise sqlalchemy_exception.with_traceback(exc_info[2]) from e
  File "D:\AITHUCCHIEN\11236199-LeDangTan-Happynest-Thesis\backend\.venv\Lib\site-packages\sqlalchemy\engine\base.py", line 1969, in _exec_single_context
    self.dialect.do_execute(
  File "D:\AITHUCCHIEN\11236199-LeDangTan-Happynest-Thesis\backend\.venv\Lib\site-packages\sqlalchemy\engine\default.py", line 952, in do_execute
    cursor.execute(statement, parameters)
  File "D:\AITHUCCHIEN\11236199-LeDangTan-Happynest-Thesis\backend\.venv\Lib\site-packages\psycopg\cursor.py", line 117, in execute
    raise ex.with_traceback(None)
sqlalchemy.exc.ProgrammingError: (psycopg.errors.UndefinedColumn) column imports.original_filename does not exist
LINE 1: ...ct_id, imports.source_type, imports.storage_path, imports.or...
                                                             ^
[SQL: SELECT imports.id, imports.product_id, imports.source_type, imports.storage_path, imports.original_filename, imports.mapping_version, imports.schema_version, imports.status, imports.row_count, imports.source_row_count, imports.error, imports.column_profiles, imports.mapping_started_at, imports.mapping_proposal, imports.report, imports.created_at 
FROM imports ORDER BY CASE WHEN (imports.status IN (%(status_1_1)s, %(status_1_2)s, %(status_1_3)s)) THEN %(param_1)s::INTEGER WHEN (imports.status IN (%(status_2_1)s, %(status_2_2)s)) THEN %(param_2)s::INTEGER ELSE %(param_3)s::INTEGER END, imports.created_at DESC 
 LIMIT %(param_4)s::INTEGER OFFSET %(param_5)s::INTEGER]
[parameters: {'param_1': 0, 'param_2': 1, 'param_3': 2, 'param_4': 50, 'param_5': 0, 'status_1_1': 'profile_ready', 'status_1_2': 'mapping_review', 'status_1_3': 'failed', 'status_2_1': 'mapping_generating', 'status_2_2': 'importing'}]
(Background on this error at: https://sqlalche.me/e/20/f405)
2026-08-30 17:59:31,218 ERROR    app.main unhandled error on GET /api/analysis/runs: (psycopg.errors.UndefinedColumn) column analysis_runs.import_id does not exist
LINE 1: ...ns.prompt_version, analysis_runs.embedding_model, analysis_r...
                                                             ^
[SQL: SELECT analysis_runs.id, analysis_runs.pipeline_version, analysis_runs.llm_model, analysis_runs.prompt_version, analysis_runs.embedding_model, analysis_runs.import_id, analysis_runs.mode, analysis_runs.chunk_size, analysis_runs.failed_count, analysis_runs.cancel_requested_at, analysis_runs.started_at, analysis_runs.completed_at, analysis_runs.status, analysis_runs.processed_count, analysis_runs.total_count, analysis_runs.error 
FROM analysis_runs ORDER BY analysis_runs.started_at DESC 
 LIMIT %(param_1)s::INTEGER]
[parameters: {'param_1': 50}]
(Background on this error at: https://sqlalche.me/e/20/f405)
ERROR:    Exception in ASGI application
Traceback (most recent call last):
  File "D:\AITHUCCHIEN\11236199-LeDangTan-Happynest-Thesis\backend\.venv\Lib\site-packages\sqlalchemy\engine\base.py", line 1969, in _exec_single_context
    self.dialect.do_execute(
  File "D:\AITHUCCHIEN\11236199-LeDangTan-Happynest-Thesis\backend\.venv\Lib\site-packages\sqlalchemy\engine\default.py", line 952, in do_execute
    cursor.execute(statement, parameters)
  File "D:\AITHUCCHIEN\11236199-LeDangTan-Happynest-Thesis\backend\.venv\Lib\site-packages\psycopg\cursor.py", line 117, in execute
    raise ex.with_traceback(None)
psycopg.errors.UndefinedColumn: column analysis_runs.import_id does not exist
LINE 1: ...ns.prompt_version, analysis_runs.embedding_model, analysis_r...
                                                             ^

The above exception was the direct cause of the following exception:

Traceback (most recent call last):
  File "D:\AITHUCCHIEN\11236199-LeDangTan-Happynest-Thesis\backend\.venv\Lib\site-packages\uvicorn\protocols\http\h11_impl.py", line 416, in run_asgi
    result = await app(  # type: ignore[func-returns-value]
             ^^^^^^^^^^^^^^^^^^^^^^^^^^^^^^^^^^^^^^^^^^^^^^
  File "D:\AITHUCCHIEN\11236199-LeDangTan-Happynest-Thesis\backend\.venv\Lib\site-packages\uvicorn\middleware\proxy_headers.py", line 63, in __call__
    return await self.app(scope, receive, send)
           ^^^^^^^^^^^^^^^^^^^^^^^^^^^^^^^^^^^^
  File "D:\AITHUCCHIEN\11236199-LeDangTan-Happynest-Thesis\backend\.venv\Lib\site-packages\fastapi\applications.py", line 1163, in __call__
    await super().__call__(scope, receive, send)
  File "D:\AITHUCCHIEN\11236199-LeDangTan-Happynest-Thesis\backend\.venv\Lib\site-packages\starlette\applications.py", line 96, in __call__
    await self.middleware_stack(scope, receive, send)
  File "D:\AITHUCCHIEN\11236199-LeDangTan-Happynest-Thesis\backend\.venv\Lib\site-packages\starlette\middleware\errors.py", line 186, in __call__
    raise exc
  File "D:\AITHUCCHIEN\11236199-LeDangTan-Happynest-Thesis\backend\.venv\Lib\site-packages\starlette\middleware\errors.py", line 164, in __call__
    await self.app(scope, receive, _send)
  File "D:\AITHUCCHIEN\11236199-LeDangTan-Happynest-Thesis\backend\.venv\Lib\site-packages\starlette\middleware\cors.py", line 88, in __call__
    await self.app(scope, receive, send)
  File "D:\AITHUCCHIEN\11236199-LeDangTan-Happynest-Thesis\backend\.venv\Lib\site-packages\starlette\middleware\exceptions.py", line 63, in __call__
    await wrap_app_handling_exceptions(self.app, conn)(scope, receive, send)
  File "D:\AITHUCCHIEN\11236199-LeDangTan-Happynest-Thesis\backend\.venv\Lib\site-packages\starlette\_exception_handler.py", line 53, in wrapped_app
    raise exc
  File "D:\AITHUCCHIEN\11236199-LeDangTan-Happynest-Thesis\backend\.venv\Lib\site-packages\starlette\_exception_handler.py", line 42, in wrapped_app
    await app(scope, receive, sender)
  File "D:\AITHUCCHIEN\11236199-LeDangTan-Happynest-Thesis\backend\.venv\Lib\site-packages\fastapi\middleware\asyncexitstack.py", line 18, in __call__
    await self.app(scope, receive, send)
  File "D:\AITHUCCHIEN\11236199-LeDangTan-Happynest-Thesis\backend\.venv\Lib\site-packages\starlette\routing.py", line 670, in __call__
    await self.middleware_stack(scope, receive, send)
  File "D:\AITHUCCHIEN\11236199-LeDangTan-Happynest-Thesis\backend\.venv\Lib\site-packages\fastapi\routing.py", line 2734, in app
    await route.handle(scope, receive, send)
  File "D:\AITHUCCHIEN\11236199-LeDangTan-Happynest-Thesis\backend\.venv\Lib\site-packages\fastapi\routing.py", line 1780, in handle
    await self.original_router.handle(scope, receive, send)
  File "D:\AITHUCCHIEN\11236199-LeDangTan-Happynest-Thesis\backend\.venv\Lib\site-packages\fastapi\routing.py", line 2789, in handle
    await included_router._handle_selected(scope, receive, send)
  File "D:\AITHUCCHIEN\11236199-LeDangTan-Happynest-Thesis\backend\.venv\Lib\site-packages\fastapi\routing.py", line 1800, in _handle_selected
    await original_route.handle(scope, receive, send)
  File "D:\AITHUCCHIEN\11236199-LeDangTan-Happynest-Thesis\backend\.venv\Lib\site-packages\fastapi\routing.py", line 1279, in handle
    await app(scope, receive, send)
  File "D:\AITHUCCHIEN\11236199-LeDangTan-Happynest-Thesis\backend\.venv\Lib\site-packages\fastapi\routing.py", line 158, in app
    await wrap_app_handling_exceptions(app, request)(scope, receive, send)
  File "D:\AITHUCCHIEN\11236199-LeDangTan-Happynest-Thesis\backend\.venv\Lib\site-packages\starlette\_exception_handler.py", line 53, in wrapped_app
    raise exc
  File "D:\AITHUCCHIEN\11236199-LeDangTan-Happynest-Thesis\backend\.venv\Lib\site-packages\starlette\_exception_handler.py", line 42, in wrapped_app
    await app(scope, receive, sender)
  File "D:\AITHUCCHIEN\11236199-LeDangTan-Happynest-Thesis\backend\.venv\Lib\site-packages\fastapi\routing.py", line 144, in app
    response = await f(request)
               ^^^^^^^^^^^^^^^^
  File "D:\AITHUCCHIEN\11236199-LeDangTan-Happynest-Thesis\backend\.venv\Lib\site-packages\fastapi\routing.py", line 706, in app
    raw_response = await run_endpoint_function(
                   ^^^^^^^^^^^^^^^^^^^^^^^^^^^^
  File "D:\AITHUCCHIEN\11236199-LeDangTan-Happynest-Thesis\backend\.venv\Lib\site-packages\fastapi\routing.py", line 354, in run_endpoint_function
    return await run_in_threadpool(dependant.call, **values)
           ^^^^^^^^^^^^^^^^^^^^^^^^^^^^^^^^^^^^^^^^^^^^^^^^^
  File "D:\AITHUCCHIEN\11236199-LeDangTan-Happynest-Thesis\backend\.venv\Lib\site-packages\starlette\concurrency.py", line 34, in run_in_threadpool
    return await anyio.to_thread.run_sync(func)
           ^^^^^^^^^^^^^^^^^^^^^^^^^^^^^^^^^^^^
  File "D:\AITHUCCHIEN\11236199-LeDangTan-Happynest-Thesis\backend\.venv\Lib\site-packages\anyio\to_thread.py", line 65, in run_sync
    return await get_async_backend().run_sync_in_worker_thread(
           ^^^^^^^^^^^^^^^^^^^^^^^^^^^^^^^^^^^^^^^^^^^^^^^^^^^^
  File "D:\AITHUCCHIEN\11236199-LeDangTan-Happynest-Thesis\backend\.venv\Lib\site-packages\anyio\_backends\_asyncio.py", line 2641, in run_sync_in_worker_thread
    return await future
           ^^^^^^^^^^^^
  File "D:\AITHUCCHIEN\11236199-LeDangTan-Happynest-Thesis\backend\.venv\Lib\site-packages\anyio\_backends\_asyncio.py", line 1033, in run
    result = context.run(func, *args)
             ^^^^^^^^^^^^^^^^^^^^^^^^
  File "D:\AITHUCCHIEN\11236199-LeDangTan-Happynest-Thesis\backend\app\api\routes\analysis.py", line 117, in list_analysis_runs
    rows = session.scalars(
           ^^^^^^^^^^^^^^^^
  File "D:\AITHUCCHIEN\11236199-LeDangTan-Happynest-Thesis\backend\.venv\Lib\site-packages\sqlalchemy\orm\session.py", line 2481, in scalars
    return self._execute_internal(
           ^^^^^^^^^^^^^^^^^^^^^^^
  File "D:\AITHUCCHIEN\11236199-LeDangTan-Happynest-Thesis\backend\.venv\Lib\site-packages\sqlalchemy\orm\session.py", line 2271, in _execute_internal
    result: Result[Any] = compile_state_cls.orm_execute_statement(
                          ^^^^^^^^^^^^^^^^^^^^^^^^^^^^^^^^^^^^^^^^
  File "D:\AITHUCCHIEN\11236199-LeDangTan-Happynest-Thesis\backend\.venv\Lib\site-packages\sqlalchemy\orm\context.py", line 306, in orm_execute_statement
    result = conn.execute(
             ^^^^^^^^^^^^^
  File "D:\AITHUCCHIEN\11236199-LeDangTan-Happynest-Thesis\backend\.venv\Lib\site-packages\sqlalchemy\engine\base.py", line 1421, in execute
    return meth(
           ^^^^^
  File "D:\AITHUCCHIEN\11236199-LeDangTan-Happynest-Thesis\backend\.venv\Lib\site-packages\sqlalchemy\sql\elements.py", line 526, in _execute_on_connection
    return connection._execute_clauseelement(
           ^^^^^^^^^^^^^^^^^^^^^^^^^^^^^^^^^^
  File "D:\AITHUCCHIEN\11236199-LeDangTan-Happynest-Thesis\backend\.venv\Lib\site-packages\sqlalchemy\engine\base.py", line 1643, in _execute_clauseelement
    ret = self._execute_context(
          ^^^^^^^^^^^^^^^^^^^^^^
  File "D:\AITHUCCHIEN\11236199-LeDangTan-Happynest-Thesis\backend\.venv\Lib\site-packages\sqlalchemy\engine\base.py", line 1848, in _execute_context
    return self._exec_single_context(
           ^^^^^^^^^^^^^^^^^^^^^^^^^^
  File "D:\AITHUCCHIEN\11236199-LeDangTan-Happynest-Thesis\backend\.venv\Lib\site-packages\sqlalchemy\engine\base.py", line 1988, in _exec_single_context
    self._handle_dbapi_exception(
  File "D:\AITHUCCHIEN\11236199-LeDangTan-Happynest-Thesis\backend\.venv\Lib\site-packages\sqlalchemy\engine\base.py", line 2365, in _handle_dbapi_exception
    raise sqlalchemy_exception.with_traceback(exc_info[2]) from e
  File "D:\AITHUCCHIEN\11236199-LeDangTan-Happynest-Thesis\backend\.venv\Lib\site-packages\sqlalchemy\engine\base.py", line 1969, in _exec_single_context
    self.dialect.do_execute(
  File "D:\AITHUCCHIEN\11236199-LeDangTan-Happynest-Thesis\backend\.venv\Lib\site-packages\sqlalchemy\engine\default.py", line 952, in do_execute
    cursor.execute(statement, parameters)
  File "D:\AITHUCCHIEN\11236199-LeDangTan-Happynest-Thesis\backend\.venv\Lib\site-packages\psycopg\cursor.py", line 117, in execute
    raise ex.with_traceback(None)
sqlalchemy.exc.ProgrammingError: (psycopg.errors.UndefinedColumn) column analysis_runs.import_id does not exist
LINE 1: ...ns.prompt_version, analysis_runs.embedding_model, analysis_r...
                                                             ^
[SQL: SELECT analysis_runs.id, analysis_runs.pipeline_version, analysis_runs.llm_model, analysis_runs.prompt_version, analysis_runs.embedding_model, analysis_runs.import_id, analysis_runs.mode, analysis_runs.chunk_size, analysis_runs.failed_count, analysis_runs.cancel_requested_at, analysis_runs.started_at, analysis_runs.completed_at, analysis_runs.status, analysis_runs.processed_count, analysis_runs.total_count, analysis_runs.error 
FROM analysis_runs ORDER BY analysis_runs.started_at DESC 
 LIMIT %(param_1)s::INTEGER]
[parameters: {'param_1': 50}]
(Background on this error at: https://sqlalche.me/e/20/f405)
2026-08-30 17:59:31,887 ERROR    app.main unhandled error on GET /api/imports: (psycopg.errors.UndefinedColumn) column imports.original_filename does not exist
LINE 1: ...ct_id, imports.source_type, imports.storage_path, imports.or...
                                                             ^
[SQL: SELECT imports.id, imports.product_id, imports.source_type, imports.storage_path, imports.original_filename, imports.mapping_version, imports.schema_version, imports.status, imports.row_count, imports.source_row_count, imports.error, imports.column_profiles, imports.mapping_started_at, imports.mapping_proposal, imports.report, imports.created_at 
FROM imports ORDER BY CASE WHEN (imports.status IN (%(status_1_1)s, %(status_1_2)s, %(status_1_3)s)) THEN %(param_1)s::INTEGER WHEN (imports.status IN (%(status_2_1)s, %(status_2_2)s)) THEN %(param_2)s::INTEGER ELSE %(param_3)s::INTEGER END, imports.created_at DESC 
 LIMIT %(param_4)s::INTEGER OFFSET %(param_5)s::INTEGER]
[parameters: {'param_1': 0, 'param_2': 1, 'param_3': 2, 'param_4': 50, 'param_5': 0, 'status_1_1': 'profile_ready', 'status_1_2': 'mapping_review', 'status_1_3': 'failed', 'status_2_1': 'mapping_generating', 'status_2_2': 'importing'}]
(Background on this error at: https://sqlalche.me/e/20/f405)
ERROR:    Exception in ASGI application
Traceback (most recent call last):
  File "D:\AITHUCCHIEN\11236199-LeDangTan-Happynest-Thesis\backend\.venv\Lib\site-packages\sqlalchemy\engine\base.py", line 1969, in _exec_single_context
    self.dialect.do_execute(
  File "D:\AITHUCCHIEN\11236199-LeDangTan-Happynest-Thesis\backend\.venv\Lib\site-packages\sqlalchemy\engine\default.py", line 952, in do_execute
    cursor.execute(statement, parameters)
  File "D:\AITHUCCHIEN\11236199-LeDangTan-Happynest-Thesis\backend\.venv\Lib\site-packages\psycopg\cursor.py", line 117, in execute
    raise ex.with_traceback(None)
psycopg.errors.UndefinedColumn: column imports.original_filename does not exist
LINE 1: ...ct_id, imports.source_type, imports.storage_path, imports.or...
                                                             ^

The above exception was the direct cause of the following exception:

Traceback (most recent call last):
  File "D:\AITHUCCHIEN\11236199-LeDangTan-Happynest-Thesis\backend\.venv\Lib\site-packages\uvicorn\protocols\http\h11_impl.py", line 416, in run_asgi
    result = await app(  # type: ignore[func-returns-value]
             ^^^^^^^^^^^^^^^^^^^^^^^^^^^^^^^^^^^^^^^^^^^^^^
  File "D:\AITHUCCHIEN\11236199-LeDangTan-Happynest-Thesis\backend\.venv\Lib\site-packages\uvicorn\middleware\proxy_headers.py", line 63, in __call__
    return await self.app(scope, receive, send)
           ^^^^^^^^^^^^^^^^^^^^^^^^^^^^^^^^^^^^
  File "D:\AITHUCCHIEN\11236199-LeDangTan-Happynest-Thesis\backend\.venv\Lib\site-packages\fastapi\applications.py", line 1163, in __call__
    await super().__call__(scope, receive, send)
  File "D:\AITHUCCHIEN\11236199-LeDangTan-Happynest-Thesis\backend\.venv\Lib\site-packages\starlette\applications.py", line 96, in __call__
    await self.middleware_stack(scope, receive, send)
  File "D:\AITHUCCHIEN\11236199-LeDangTan-Happynest-Thesis\backend\.venv\Lib\site-packages\starlette\middleware\errors.py", line 186, in __call__
    raise exc
  File "D:\AITHUCCHIEN\11236199-LeDangTan-Happynest-Thesis\backend\.venv\Lib\site-packages\starlette\middleware\errors.py", line 164, in __call__
    await self.app(scope, receive, _send)
  File "D:\AITHUCCHIEN\11236199-LeDangTan-Happynest-Thesis\backend\.venv\Lib\site-packages\starlette\middleware\cors.py", line 88, in __call__
    await self.app(scope, receive, send)
  File "D:\AITHUCCHIEN\11236199-LeDangTan-Happynest-Thesis\backend\.venv\Lib\site-packages\starlette\middleware\exceptions.py", line 63, in __call__
    await wrap_app_handling_exceptions(self.app, conn)(scope, receive, send)
  File "D:\AITHUCCHIEN\11236199-LeDangTan-Happynest-Thesis\backend\.venv\Lib\site-packages\starlette\_exception_handler.py", line 53, in wrapped_app
    raise exc
  File "D:\AITHUCCHIEN\11236199-LeDangTan-Happynest-Thesis\backend\.venv\Lib\site-packages\starlette\_exception_handler.py", line 42, in wrapped_app
    await app(scope, receive, sender)
  File "D:\AITHUCCHIEN\11236199-LeDangTan-Happynest-Thesis\backend\.venv\Lib\site-packages\fastapi\middleware\asyncexitstack.py", line 18, in __call__
    await self.app(scope, receive, send)
  File "D:\AITHUCCHIEN\11236199-LeDangTan-Happynest-Thesis\backend\.venv\Lib\site-packages\starlette\routing.py", line 670, in __call__
    await self.middleware_stack(scope, receive, send)
  File "D:\AITHUCCHIEN\11236199-LeDangTan-Happynest-Thesis\backend\.venv\Lib\site-packages\fastapi\routing.py", line 2734, in app
    await route.handle(scope, receive, send)
  File "D:\AITHUCCHIEN\11236199-LeDangTan-Happynest-Thesis\backend\.venv\Lib\site-packages\fastapi\routing.py", line 1780, in handle
    await self.original_router.handle(scope, receive, send)
  File "D:\AITHUCCHIEN\11236199-LeDangTan-Happynest-Thesis\backend\.venv\Lib\site-packages\fastapi\routing.py", line 2789, in handle
    await included_router._handle_selected(scope, receive, send)
  File "D:\AITHUCCHIEN\11236199-LeDangTan-Happynest-Thesis\backend\.venv\Lib\site-packages\fastapi\routing.py", line 1800, in _handle_selected
    await original_route.handle(scope, receive, send)
  File "D:\AITHUCCHIEN\11236199-LeDangTan-Happynest-Thesis\backend\.venv\Lib\site-packages\fastapi\routing.py", line 1279, in handle
    await app(scope, receive, send)
  File "D:\AITHUCCHIEN\11236199-LeDangTan-Happynest-Thesis\backend\.venv\Lib\site-packages\fastapi\routing.py", line 158, in app
    await wrap_app_handling_exceptions(app, request)(scope, receive, send)
  File "D:\AITHUCCHIEN\11236199-LeDangTan-Happynest-Thesis\backend\.venv\Lib\site-packages\starlette\_exception_handler.py", line 53, in wrapped_app
    raise exc
  File "D:\AITHUCCHIEN\11236199-LeDangTan-Happynest-Thesis\backend\.venv\Lib\site-packages\starlette\_exception_handler.py", line 42, in wrapped_app
    await app(scope, receive, sender)
  File "D:\AITHUCCHIEN\11236199-LeDangTan-Happynest-Thesis\backend\.venv\Lib\site-packages\fastapi\routing.py", line 144, in app
    response = await f(request)
               ^^^^^^^^^^^^^^^^
  File "D:\AITHUCCHIEN\11236199-LeDangTan-Happynest-Thesis\backend\.venv\Lib\site-packages\fastapi\routing.py", line 706, in app
    raw_response = await run_endpoint_function(
                   ^^^^^^^^^^^^^^^^^^^^^^^^^^^^
  File "D:\AITHUCCHIEN\11236199-LeDangTan-Happynest-Thesis\backend\.venv\Lib\site-packages\fastapi\routing.py", line 354, in run_endpoint_function
    return await run_in_threadpool(dependant.call, **values)
           ^^^^^^^^^^^^^^^^^^^^^^^^^^^^^^^^^^^^^^^^^^^^^^^^^
  File "D:\AITHUCCHIEN\11236199-LeDangTan-Happynest-Thesis\backend\.venv\Lib\site-packages\starlette\concurrency.py", line 34, in run_in_threadpool
    return await anyio.to_thread.run_sync(func)
           ^^^^^^^^^^^^^^^^^^^^^^^^^^^^^^^^^^^^
  File "D:\AITHUCCHIEN\11236199-LeDangTan-Happynest-Thesis\backend\.venv\Lib\site-packages\anyio\to_thread.py", line 65, in run_sync
    return await get_async_backend().run_sync_in_worker_thread(
           ^^^^^^^^^^^^^^^^^^^^^^^^^^^^^^^^^^^^^^^^^^^^^^^^^^^^
  File "D:\AITHUCCHIEN\11236199-LeDangTan-Happynest-Thesis\backend\.venv\Lib\site-packages\anyio\_backends\_asyncio.py", line 2641, in run_sync_in_worker_thread
    return await future
           ^^^^^^^^^^^^
  File "D:\AITHUCCHIEN\11236199-LeDangTan-Happynest-Thesis\backend\.venv\Lib\site-packages\anyio\_backends\_asyncio.py", line 1033, in run
    result = context.run(func, *args)
             ^^^^^^^^^^^^^^^^^^^^^^^^
  File "D:\AITHUCCHIEN\11236199-LeDangTan-Happynest-Thesis\backend\app\api\routes\imports.py", line 121, in list_imports
    rows = session.scalars(
           ^^^^^^^^^^^^^^^^
  File "D:\AITHUCCHIEN\11236199-LeDangTan-Happynest-Thesis\backend\.venv\Lib\site-packages\sqlalchemy\orm\session.py", line 2481, in scalars
    return self._execute_internal(
           ^^^^^^^^^^^^^^^^^^^^^^^
  File "D:\AITHUCCHIEN\11236199-LeDangTan-Happynest-Thesis\backend\.venv\Lib\site-packages\sqlalchemy\orm\session.py", line 2271, in _execute_internal
    result: Result[Any] = compile_state_cls.orm_execute_statement(
                          ^^^^^^^^^^^^^^^^^^^^^^^^^^^^^^^^^^^^^^^^
  File "D:\AITHUCCHIEN\11236199-LeDangTan-Happynest-Thesis\backend\.venv\Lib\site-packages\sqlalchemy\orm\context.py", line 306, in orm_execute_statement
    result = conn.execute(
             ^^^^^^^^^^^^^
  File "D:\AITHUCCHIEN\11236199-LeDangTan-Happynest-Thesis\backend\.venv\Lib\site-packages\sqlalchemy\engine\base.py", line 1421, in execute
    return meth(
           ^^^^^
  File "D:\AITHUCCHIEN\11236199-LeDangTan-Happynest-Thesis\backend\.venv\Lib\site-packages\sqlalchemy\sql\elements.py", line 526, in _execute_on_connection
    return connection._execute_clauseelement(
           ^^^^^^^^^^^^^^^^^^^^^^^^^^^^^^^^^^
  File "D:\AITHUCCHIEN\11236199-LeDangTan-Happynest-Thesis\backend\.venv\Lib\site-packages\sqlalchemy\engine\base.py", line 1643, in _execute_clauseelement
    ret = self._execute_context(
          ^^^^^^^^^^^^^^^^^^^^^^
  File "D:\AITHUCCHIEN\11236199-LeDangTan-Happynest-Thesis\backend\.venv\Lib\site-packages\sqlalchemy\engine\base.py", line 1848, in _execute_context
    return self._exec_single_context(
           ^^^^^^^^^^^^^^^^^^^^^^^^^^
  File "D:\AITHUCCHIEN\11236199-LeDangTan-Happynest-Thesis\backend\.venv\Lib\site-packages\sqlalchemy\engine\base.py", line 1988, in _exec_single_context
    self._handle_dbapi_exception(
  File "D:\AITHUCCHIEN\11236199-LeDangTan-Happynest-Thesis\backend\.venv\Lib\site-packages\sqlalchemy\engine\base.py", line 2365, in _handle_dbapi_exception
    raise sqlalchemy_exception.with_traceback(exc_info[2]) from e
  File "D:\AITHUCCHIEN\11236199-LeDangTan-Happynest-Thesis\backend\.venv\Lib\site-packages\sqlalchemy\engine\base.py", line 1969, in _exec_single_context
    self.dialect.do_execute(
  File "D:\AITHUCCHIEN\11236199-LeDangTan-Happynest-Thesis\backend\.venv\Lib\site-packages\sqlalchemy\engine\default.py", line 952, in do_execute
    cursor.execute(statement, parameters)
  File "D:\AITHUCCHIEN\11236199-LeDangTan-Happynest-Thesis\backend\.venv\Lib\site-packages\psycopg\cursor.py", line 117, in execute
    raise ex.with_traceback(None)
sqlalchemy.exc.ProgrammingError: (psycopg.errors.UndefinedColumn) column imports.original_filename does not exist
LINE 1: ...ct_id, imports.source_type, imports.storage_path, imports.or...
                                                             ^
[SQL: SELECT imports.id, imports.product_id, imports.source_type, imports.storage_path, imports.original_filename, imports.mapping_version, imports.schema_version, imports.status, imports.row_count, imports.source_row_count, imports.error, imports.column_profiles, imports.mapping_started_at, imports.mapping_proposal, imports.report, imports.created_at 
FROM imports ORDER BY CASE WHEN (imports.status IN (%(status_1_1)s, %(status_1_2)s, %(status_1_3)s)) THEN %(param_1)s::INTEGER WHEN (imports.status IN (%(status_2_1)s, %(status_2_2)s)) THEN %(param_2)s::INTEGER ELSE %(param_3)s::INTEGER END, imports.created_at DESC 
 LIMIT %(param_4)s::INTEGER OFFSET %(param_5)s::INTEGER]
[parameters: {'param_1': 0, 'param_2': 1, 'param_3': 2, 'param_4': 50, 'param_5': 0, 'status_1_1': 'profile_ready', 'status_1_2': 'mapping_review', 'status_1_3': 'failed', 'status_2_1': 'mapping_generating', 'status_2_2': 'importing'}]
(Background on this error at: https://sqlalche.me/e/20/f405)
2026-08-30 17:59:31,906 ERROR    app.main unhandled error on GET /api/analysis/runs: (psycopg.errors.UndefinedColumn) column analysis_runs.import_id does not exist
LINE 1: ...ns.prompt_version, analysis_runs.embedding_model, analysis_r...
                                                             ^
[SQL: SELECT analysis_runs.id, analysis_runs.pipeline_version, analysis_runs.llm_model, analysis_runs.prompt_version, analysis_runs.embedding_model, analysis_runs.import_id, analysis_runs.mode, analysis_runs.chunk_size, analysis_runs.failed_count, analysis_runs.cancel_requested_at, analysis_runs.started_at, analysis_runs.completed_at, analysis_runs.status, analysis_runs.processed_count, analysis_runs.total_count, analysis_runs.error 
FROM analysis_runs ORDER BY analysis_runs.started_at DESC 
 LIMIT %(param_1)s::INTEGER]
[parameters: {'param_1': 50}]
(Background on this error at: https://sqlalche.me/e/20/f405)
ERROR:    Exception in ASGI application
Traceback (most recent call last):
  File "D:\AITHUCCHIEN\11236199-LeDangTan-Happynest-Thesis\backend\.venv\Lib\site-packages\sqlalchemy\engine\base.py", line 1969, in _exec_single_context
    self.dialect.do_execute(
  File "D:\AITHUCCHIEN\11236199-LeDangTan-Happynest-Thesis\backend\.venv\Lib\site-packages\sqlalchemy\engine\default.py", line 952, in do_execute
    cursor.execute(statement, parameters)
  File "D:\AITHUCCHIEN\11236199-LeDangTan-Happynest-Thesis\backend\.venv\Lib\site-packages\psycopg\cursor.py", line 117, in execute
    raise ex.with_traceback(None)
psycopg.errors.UndefinedColumn: column analysis_runs.import_id does not exist
LINE 1: ...ns.prompt_version, analysis_runs.embedding_model, analysis_r...
                                                             ^

The above exception was the direct cause of the following exception:

Traceback (most recent call last):
  File "D:\AITHUCCHIEN\11236199-LeDangTan-Happynest-Thesis\backend\.venv\Lib\site-packages\uvicorn\protocols\http\h11_impl.py", line 416, in run_asgi
    result = await app(  # type: ignore[func-returns-value]
             ^^^^^^^^^^^^^^^^^^^^^^^^^^^^^^^^^^^^^^^^^^^^^^
  File "D:\AITHUCCHIEN\11236199-LeDangTan-Happynest-Thesis\backend\.venv\Lib\site-packages\uvicorn\middleware\proxy_headers.py", line 63, in __call__
    return await self.app(scope, receive, send)
           ^^^^^^^^^^^^^^^^^^^^^^^^^^^^^^^^^^^^
  File "D:\AITHUCCHIEN\11236199-LeDangTan-Happynest-Thesis\backend\.venv\Lib\site-packages\fastapi\applications.py", line 1163, in __call__
    await super().__call__(scope, receive, send)
  File "D:\AITHUCCHIEN\11236199-LeDangTan-Happynest-Thesis\backend\.venv\Lib\site-packages\starlette\applications.py", line 96, in __call__
    await self.middleware_stack(scope, receive, send)
  File "D:\AITHUCCHIEN\11236199-LeDangTan-Happynest-Thesis\backend\.venv\Lib\site-packages\starlette\middleware\errors.py", line 186, in __call__
    raise exc
  File "D:\AITHUCCHIEN\11236199-LeDangTan-Happynest-Thesis\backend\.venv\Lib\site-packages\starlette\middleware\errors.py", line 164, in __call__
    await self.app(scope, receive, _send)
  File "D:\AITHUCCHIEN\11236199-LeDangTan-Happynest-Thesis\backend\.venv\Lib\site-packages\starlette\middleware\cors.py", line 88, in __call__
    await self.app(scope, receive, send)
  File "D:\AITHUCCHIEN\11236199-LeDangTan-Happynest-Thesis\backend\.venv\Lib\site-packages\starlette\middleware\exceptions.py", line 63, in __call__
    await wrap_app_handling_exceptions(self.app, conn)(scope, receive, send)
  File "D:\AITHUCCHIEN\11236199-LeDangTan-Happynest-Thesis\backend\.venv\Lib\site-packages\starlette\_exception_handler.py", line 53, in wrapped_app
    raise exc
  File "D:\AITHUCCHIEN\11236199-LeDangTan-Happynest-Thesis\backend\.venv\Lib\site-packages\starlette\_exception_handler.py", line 42, in wrapped_app
    await app(scope, receive, sender)
  File "D:\AITHUCCHIEN\11236199-LeDangTan-Happynest-Thesis\backend\.venv\Lib\site-packages\fastapi\middleware\asyncexitstack.py", line 18, in __call__
    await self.app(scope, receive, send)
  File "D:\AITHUCCHIEN\11236199-LeDangTan-Happynest-Thesis\backend\.venv\Lib\site-packages\starlette\routing.py", line 670, in __call__
    await self.middleware_stack(scope, receive, send)
  File "D:\AITHUCCHIEN\11236199-LeDangTan-Happynest-Thesis\backend\.venv\Lib\site-packages\fastapi\routing.py", line 2734, in app
    await route.handle(scope, receive, send)
  File "D:\AITHUCCHIEN\11236199-LeDangTan-Happynest-Thesis\backend\.venv\Lib\site-packages\fastapi\routing.py", line 1780, in handle
    await self.original_router.handle(scope, receive, send)
  File "D:\AITHUCCHIEN\11236199-LeDangTan-Happynest-Thesis\backend\.venv\Lib\site-packages\fastapi\routing.py", line 2789, in handle
    await included_router._handle_selected(scope, receive, send)
  File "D:\AITHUCCHIEN\11236199-LeDangTan-Happynest-Thesis\backend\.venv\Lib\site-packages\fastapi\routing.py", line 1800, in _handle_selected
    await original_route.handle(scope, receive, send)
  File "D:\AITHUCCHIEN\11236199-LeDangTan-Happynest-Thesis\backend\.venv\Lib\site-packages\fastapi\routing.py", line 1279, in handle
    await app(scope, receive, send)
  File "D:\AITHUCCHIEN\11236199-LeDangTan-Happynest-Thesis\backend\.venv\Lib\site-packages\fastapi\routing.py", line 158, in app
    await wrap_app_handling_exceptions(app, request)(scope, receive, send)
  File "D:\AITHUCCHIEN\11236199-LeDangTan-Happynest-Thesis\backend\.venv\Lib\site-packages\starlette\_exception_handler.py", line 53, in wrapped_app
    raise exc
  File "D:\AITHUCCHIEN\11236199-LeDangTan-Happynest-Thesis\backend\.venv\Lib\site-packages\starlette\_exception_handler.py", line 42, in wrapped_app
    await app(scope, receive, sender)
  File "D:\AITHUCCHIEN\11236199-LeDangTan-Happynest-Thesis\backend\.venv\Lib\site-packages\fastapi\routing.py", line 144, in app
    response = await f(request)
               ^^^^^^^^^^^^^^^^
  File "D:\AITHUCCHIEN\11236199-LeDangTan-Happynest-Thesis\backend\.venv\Lib\site-packages\fastapi\routing.py", line 706, in app
    raw_response = await run_endpoint_function(
                   ^^^^^^^^^^^^^^^^^^^^^^^^^^^^
  File "D:\AITHUCCHIEN\11236199-LeDangTan-Happynest-Thesis\backend\.venv\Lib\site-packages\fastapi\routing.py", line 354, in run_endpoint_function
    return await run_in_threadpool(dependant.call, **values)
           ^^^^^^^^^^^^^^^^^^^^^^^^^^^^^^^^^^^^^^^^^^^^^^^^^
  File "D:\AITHUCCHIEN\11236199-LeDangTan-Happynest-Thesis\backend\.venv\Lib\site-packages\starlette\concurrency.py", line 34, in run_in_threadpool
    return await anyio.to_thread.run_sync(func)
           ^^^^^^^^^^^^^^^^^^^^^^^^^^^^^^^^^^^^
  File "D:\AITHUCCHIEN\11236199-LeDangTan-Happynest-Thesis\backend\.venv\Lib\site-packages\anyio\to_thread.py", line 65, in run_sync
    return await get_async_backend().run_sync_in_worker_thread(
           ^^^^^^^^^^^^^^^^^^^^^^^^^^^^^^^^^^^^^^^^^^^^^^^^^^^^
  File "D:\AITHUCCHIEN\11236199-LeDangTan-Happynest-Thesis\backend\.venv\Lib\site-packages\anyio\_backends\_asyncio.py", line 2641, in run_sync_in_worker_thread
    return await future
           ^^^^^^^^^^^^
  File "D:\AITHUCCHIEN\11236199-LeDangTan-Happynest-Thesis\backend\.venv\Lib\site-packages\anyio\_backends\_asyncio.py", line 1033, in run
    result = context.run(func, *args)
             ^^^^^^^^^^^^^^^^^^^^^^^^
  File "D:\AITHUCCHIEN\11236199-LeDangTan-Happynest-Thesis\backend\app\api\routes\analysis.py", line 117, in list_analysis_runs
    rows = session.scalars(
           ^^^^^^^^^^^^^^^^
  File "D:\AITHUCCHIEN\11236199-LeDangTan-Happynest-Thesis\backend\.venv\Lib\site-packages\sqlalchemy\orm\session.py", line 2481, in scalars
    return self._execute_internal(
           ^^^^^^^^^^^^^^^^^^^^^^^
  File "D:\AITHUCCHIEN\11236199-LeDangTan-Happynest-Thesis\backend\.venv\Lib\site-packages\sqlalchemy\orm\session.py", line 2271, in _execute_internal
    result: Result[Any] = compile_state_cls.orm_execute_statement(
                          ^^^^^^^^^^^^^^^^^^^^^^^^^^^^^^^^^^^^^^^^
  File "D:\AITHUCCHIEN\11236199-LeDangTan-Happynest-Thesis\backend\.venv\Lib\site-packages\sqlalchemy\orm\context.py", line 306, in orm_execute_statement
    result = conn.execute(
             ^^^^^^^^^^^^^
  File "D:\AITHUCCHIEN\11236199-LeDangTan-Happynest-Thesis\backend\.venv\Lib\site-packages\sqlalchemy\engine\base.py", line 1421, in execute
    return meth(
           ^^^^^
  File "D:\AITHUCCHIEN\11236199-LeDangTan-Happynest-Thesis\backend\.venv\Lib\site-packages\sqlalchemy\sql\elements.py", line 526, in _execute_on_connection
    return connection._execute_clauseelement(
           ^^^^^^^^^^^^^^^^^^^^^^^^^^^^^^^^^^
  File "D:\AITHUCCHIEN\11236199-LeDangTan-Happynest-Thesis\backend\.venv\Lib\site-packages\sqlalchemy\engine\base.py", line 1643, in _execute_clauseelement
    ret = self._execute_context(
          ^^^^^^^^^^^^^^^^^^^^^^
  File "D:\AITHUCCHIEN\11236199-LeDangTan-Happynest-Thesis\backend\.venv\Lib\site-packages\sqlalchemy\engine\base.py", line 1848, in _execute_context
    return self._exec_single_context(
           ^^^^^^^^^^^^^^^^^^^^^^^^^^
  File "D:\AITHUCCHIEN\11236199-LeDangTan-Happynest-Thesis\backend\.venv\Lib\site-packages\sqlalchemy\engine\base.py", line 1988, in _exec_single_context
    self._handle_dbapi_exception(
  File "D:\AITHUCCHIEN\11236199-LeDangTan-Happynest-Thesis\backend\.venv\Lib\site-packages\sqlalchemy\engine\base.py", line 2365, in _handle_dbapi_exception
    raise sqlalchemy_exception.with_traceback(exc_info[2]) from e
  File "D:\AITHUCCHIEN\11236199-LeDangTan-Happynest-Thesis\backend\.venv\Lib\site-packages\sqlalchemy\engine\base.py", line 1969, in _exec_single_context
    self.dialect.do_execute(
  File "D:\AITHUCCHIEN\11236199-LeDangTan-Happynest-Thesis\backend\.venv\Lib\site-packages\sqlalchemy\engine\default.py", line 952, in do_execute
    cursor.execute(statement, parameters)
  File "D:\AITHUCCHIEN\11236199-LeDangTan-Happynest-Thesis\backend\.venv\Lib\site-packages\psycopg\cursor.py", line 117, in execute
    raise ex.with_traceback(None)
sqlalchemy.exc.ProgrammingError: (psycopg.errors.UndefinedColumn) column analysis_runs.import_id does not exist
LINE 1: ...ns.prompt_version, analysis_runs.embedding_model, analysis_r...
                                                             ^
[SQL: SELECT analysis_runs.id, analysis_runs.pipeline_version, analysis_runs.llm_model, analysis_runs.prompt_version, analysis_runs.embedding_model, analysis_runs.import_id, analysis_runs.mode, analysis_runs.chunk_size, analysis_runs.failed_count, analysis_runs.cancel_requested_at, analysis_runs.started_at, analysis_runs.completed_at, analysis_runs.status, analysis_runs.processed_count, analysis_runs.total_count, analysis_runs.error 
FROM analysis_runs ORDER BY analysis_runs.started_at DESC 
 LIMIT %(param_1)s::INTEGER]
[parameters: {'param_1': 50}]
(Background on this error at: https://sqlalche.me/e/20/f405)
2026-08-30 17:59:32,909 ERROR    app.main unhandled error on GET /api/imports: (psycopg.errors.UndefinedColumn) column imports.original_filename does not exist
LINE 1: ...ct_id, imports.source_type, imports.storage_path, imports.or...
                                                             ^
[SQL: SELECT imports.id, imports.product_id, imports.source_type, imports.storage_path, imports.original_filename, imports.mapping_version, imports.schema_version, imports.status, imports.row_count, imports.source_row_count, imports.error, imports.column_profiles, imports.mapping_started_at, imports.mapping_proposal, imports.report, imports.created_at 
FROM imports ORDER BY CASE WHEN (imports.status IN (%(status_1_1)s, %(status_1_2)s, %(status_1_3)s)) THEN %(param_1)s::INTEGER WHEN (imports.status IN (%(status_2_1)s, %(status_2_2)s)) THEN %(param_2)s::INTEGER ELSE %(param_3)s::INTEGER END, imports.created_at DESC 
 LIMIT %(param_4)s::INTEGER OFFSET %(param_5)s::INTEGER]
[parameters: {'param_1': 0, 'param_2': 1, 'param_3': 2, 'param_4': 50, 'param_5': 0, 'status_1_1': 'profile_ready', 'status_1_2': 'mapping_review', 'status_1_3': 'failed', 'status_2_1': 'mapping_generating', 'status_2_2': 'importing'}]
(Background on this error at: https://sqlalche.me/e/20/f405)
ERROR:    Exception in ASGI application
Traceback (most recent call last):
  File "D:\AITHUCCHIEN\11236199-LeDangTan-Happynest-Thesis\backend\.venv\Lib\site-packages\sqlalchemy\engine\base.py", line 1969, in _exec_single_context
    self.dialect.do_execute(
  File "D:\AITHUCCHIEN\11236199-LeDangTan-Happynest-Thesis\backend\.venv\Lib\site-packages\sqlalchemy\engine\default.py", line 952, in do_execute
    cursor.execute(statement, parameters)
  File "D:\AITHUCCHIEN\11236199-LeDangTan-Happynest-Thesis\backend\.venv\Lib\site-packages\psycopg\cursor.py", line 117, in execute
    raise ex.with_traceback(None)
psycopg.errors.UndefinedColumn: column imports.original_filename does not exist
LINE 1: ...ct_id, imports.source_type, imports.storage_path, imports.or...
                                                             ^

The above exception was the direct cause of the following exception:

Traceback (most recent call last):
  File "D:\AITHUCCHIEN\11236199-LeDangTan-Happynest-Thesis\backend\.venv\Lib\site-packages\uvicorn\protocols\http\h11_impl.py", line 416, in run_asgi
    result = await app(  # type: ignore[func-returns-value]
             ^^^^^^^^^^^^^^^^^^^^^^^^^^^^^^^^^^^^^^^^^^^^^^
  File "D:\AITHUCCHIEN\11236199-LeDangTan-Happynest-Thesis\backend\.venv\Lib\site-packages\uvicorn\middleware\proxy_headers.py", line 63, in __call__
    return await self.app(scope, receive, send)
           ^^^^^^^^^^^^^^^^^^^^^^^^^^^^^^^^^^^^
  File "D:\AITHUCCHIEN\11236199-LeDangTan-Happynest-Thesis\backend\.venv\Lib\site-packages\fastapi\applications.py", line 1163, in __call__
    await super().__call__(scope, receive, send)
  File "D:\AITHUCCHIEN\11236199-LeDangTan-Happynest-Thesis\backend\.venv\Lib\site-packages\starlette\applications.py", line 96, in __call__
    await self.middleware_stack(scope, receive, send)
  File "D:\AITHUCCHIEN\11236199-LeDangTan-Happynest-Thesis\backend\.venv\Lib\site-packages\starlette\middleware\errors.py", line 186, in __call__
    raise exc
  File "D:\AITHUCCHIEN\11236199-LeDangTan-Happynest-Thesis\backend\.venv\Lib\site-packages\starlette\middleware\errors.py", line 164, in __call__
    await self.app(scope, receive, _send)
  File "D:\AITHUCCHIEN\11236199-LeDangTan-Happynest-Thesis\backend\.venv\Lib\site-packages\starlette\middleware\cors.py", line 88, in __call__
    await self.app(scope, receive, send)
  File "D:\AITHUCCHIEN\11236199-LeDangTan-Happynest-Thesis\backend\.venv\Lib\site-packages\starlette\middleware\exceptions.py", line 63, in __call__
    await wrap_app_handling_exceptions(self.app, conn)(scope, receive, send)
  File "D:\AITHUCCHIEN\11236199-LeDangTan-Happynest-Thesis\backend\.venv\Lib\site-packages\starlette\_exception_handler.py", line 53, in wrapped_app
    raise exc
  File "D:\AITHUCCHIEN\11236199-LeDangTan-Happynest-Thesis\backend\.venv\Lib\site-packages\starlette\_exception_handler.py", line 42, in wrapped_app
    await app(scope, receive, sender)
  File "D:\AITHUCCHIEN\11236199-LeDangTan-Happynest-Thesis\backend\.venv\Lib\site-packages\fastapi\middleware\asyncexitstack.py", line 18, in __call__
    await self.app(scope, receive, send)
  File "D:\AITHUCCHIEN\11236199-LeDangTan-Happynest-Thesis\backend\.venv\Lib\site-packages\starlette\routing.py", line 670, in __call__
    await self.middleware_stack(scope, receive, send)
  File "D:\AITHUCCHIEN\11236199-LeDangTan-Happynest-Thesis\backend\.venv\Lib\site-packages\fastapi\routing.py", line 2734, in app
    await route.handle(scope, receive, send)
  File "D:\AITHUCCHIEN\11236199-LeDangTan-Happynest-Thesis\backend\.venv\Lib\site-packages\fastapi\routing.py", line 1780, in handle
    await self.original_router.handle(scope, receive, send)
  File "D:\AITHUCCHIEN\11236199-LeDangTan-Happynest-Thesis\backend\.venv\Lib\site-packages\fastapi\routing.py", line 2789, in handle
    await included_router._handle_selected(scope, receive, send)
  File "D:\AITHUCCHIEN\11236199-LeDangTan-Happynest-Thesis\backend\.venv\Lib\site-packages\fastapi\routing.py", line 1800, in _handle_selected
    await original_route.handle(scope, receive, send)
  File "D:\AITHUCCHIEN\11236199-LeDangTan-Happynest-Thesis\backend\.venv\Lib\site-packages\fastapi\routing.py", line 1279, in handle
    await app(scope, receive, send)
  File "D:\AITHUCCHIEN\11236199-LeDangTan-Happynest-Thesis\backend\.venv\Lib\site-packages\fastapi\routing.py", line 158, in app
    await wrap_app_handling_exceptions(app, request)(scope, receive, send)
  File "D:\AITHUCCHIEN\11236199-LeDangTan-Happynest-Thesis\backend\.venv\Lib\site-packages\starlette\_exception_handler.py", line 53, in wrapped_app
    raise exc
  File "D:\AITHUCCHIEN\11236199-LeDangTan-Happynest-Thesis\backend\.venv\Lib\site-packages\starlette\_exception_handler.py", line 42, in wrapped_app
    await app(scope, receive, sender)
  File "D:\AITHUCCHIEN\11236199-LeDangTan-Happynest-Thesis\backend\.venv\Lib\site-packages\fastapi\routing.py", line 144, in app
    response = await f(request)
               ^^^^^^^^^^^^^^^^
  File "D:\AITHUCCHIEN\11236199-LeDangTan-Happynest-Thesis\backend\.venv\Lib\site-packages\fastapi\routing.py", line 706, in app
    raw_response = await run_endpoint_function(
                   ^^^^^^^^^^^^^^^^^^^^^^^^^^^^
  File "D:\AITHUCCHIEN\11236199-LeDangTan-Happynest-Thesis\backend\.venv\Lib\site-packages\fastapi\routing.py", line 354, in run_endpoint_function
    return await run_in_threadpool(dependant.call, **values)
           ^^^^^^^^^^^^^^^^^^^^^^^^^^^^^^^^^^^^^^^^^^^^^^^^^
  File "D:\AITHUCCHIEN\11236199-LeDangTan-Happynest-Thesis\backend\.venv\Lib\site-packages\starlette\concurrency.py", line 34, in run_in_threadpool
    return await anyio.to_thread.run_sync(func)
           ^^^^^^^^^^^^^^^^^^^^^^^^^^^^^^^^^^^^
  File "D:\AITHUCCHIEN\11236199-LeDangTan-Happynest-Thesis\backend\.venv\Lib\site-packages\anyio\to_thread.py", line 65, in run_sync
    return await get_async_backend().run_sync_in_worker_thread(
           ^^^^^^^^^^^^^^^^^^^^^^^^^^^^^^^^^^^^^^^^^^^^^^^^^^^^
  File "D:\AITHUCCHIEN\11236199-LeDangTan-Happynest-Thesis\backend\.venv\Lib\site-packages\anyio\_backends\_asyncio.py", line 2641, in run_sync_in_worker_thread
    return await future
           ^^^^^^^^^^^^
  File "D:\AITHUCCHIEN\11236199-LeDangTan-Happynest-Thesis\backend\.venv\Lib\site-packages\anyio\_backends\_asyncio.py", line 1033, in run
    result = context.run(func, *args)
             ^^^^^^^^^^^^^^^^^^^^^^^^
  File "D:\AITHUCCHIEN\11236199-LeDangTan-Happynest-Thesis\backend\app\api\routes\imports.py", line 121, in list_imports
    rows = session.scalars(
           ^^^^^^^^^^^^^^^^
  File "D:\AITHUCCHIEN\11236199-LeDangTan-Happynest-Thesis\backend\.venv\Lib\site-packages\sqlalchemy\orm\session.py", line 2481, in scalars
    return self._execute_internal(
           ^^^^^^^^^^^^^^^^^^^^^^^
  File "D:\AITHUCCHIEN\11236199-LeDangTan-Happynest-Thesis\backend\.venv\Lib\site-packages\sqlalchemy\orm\session.py", line 2271, in _execute_internal
    result: Result[Any] = compile_state_cls.orm_execute_statement(
                          ^^^^^^^^^^^^^^^^^^^^^^^^^^^^^^^^^^^^^^^^
  File "D:\AITHUCCHIEN\11236199-LeDangTan-Happynest-Thesis\backend\.venv\Lib\site-packages\sqlalchemy\orm\context.py", line 306, in orm_execute_statement
    result = conn.execute(
             ^^^^^^^^^^^^^
  File "D:\AITHUCCHIEN\11236199-LeDangTan-Happynest-Thesis\backend\.venv\Lib\site-packages\sqlalchemy\engine\base.py", line 1421, in execute
    return meth(
           ^^^^^
  File "D:\AITHUCCHIEN\11236199-LeDangTan-Happynest-Thesis\backend\.venv\Lib\site-packages\sqlalchemy\sql\elements.py", line 526, in _execute_on_connection
    return connection._execute_clauseelement(
           ^^^^^^^^^^^^^^^^^^^^^^^^^^^^^^^^^^
  File "D:\AITHUCCHIEN\11236199-LeDangTan-Happynest-Thesis\backend\.venv\Lib\site-packages\sqlalchemy\engine\base.py", line 1643, in _execute_clauseelement
    ret = self._execute_context(
          ^^^^^^^^^^^^^^^^^^^^^^
  File "D:\AITHUCCHIEN\11236199-LeDangTan-Happynest-Thesis\backend\.venv\Lib\site-packages\sqlalchemy\engine\base.py", line 1848, in _execute_context
    return self._exec_single_context(
           ^^^^^^^^^^^^^^^^^^^^^^^^^^
  File "D:\AITHUCCHIEN\11236199-LeDangTan-Happynest-Thesis\backend\.venv\Lib\site-packages\sqlalchemy\engine\base.py", line 1988, in _exec_single_context
    self._handle_dbapi_exception(
  File "D:\AITHUCCHIEN\11236199-LeDangTan-Happynest-Thesis\backend\.venv\Lib\site-packages\sqlalchemy\engine\base.py", line 2365, in _handle_dbapi_exception
    raise sqlalchemy_exception.with_traceback(exc_info[2]) from e
  File "D:\AITHUCCHIEN\11236199-LeDangTan-Happynest-Thesis\backend\.venv\Lib\site-packages\sqlalchemy\engine\base.py", line 1969, in _exec_single_context
    self.dialect.do_execute(
  File "D:\AITHUCCHIEN\11236199-LeDangTan-Happynest-Thesis\backend\.venv\Lib\site-packages\sqlalchemy\engine\default.py", line 952, in do_execute
    cursor.execute(statement, parameters)
  File "D:\AITHUCCHIEN\11236199-LeDangTan-Happynest-Thesis\backend\.venv\Lib\site-packages\psycopg\cursor.py", line 117, in execute
    raise ex.with_traceback(None)
sqlalchemy.exc.ProgrammingError: (psycopg.errors.UndefinedColumn) column imports.original_filename does not exist
LINE 1: ...ct_id, imports.source_type, imports.storage_path, imports.or...
                                                             ^
[SQL: SELECT imports.id, imports.product_id, imports.source_type, imports.storage_path, imports.original_filename, imports.mapping_version, imports.schema_version, imports.status, imports.row_count, imports.source_row_count, imports.error, imports.column_profiles, imports.mapping_started_at, imports.mapping_proposal, imports.report, imports.created_at 
FROM imports ORDER BY CASE WHEN (imports.status IN (%(status_1_1)s, %(status_1_2)s, %(status_1_3)s)) THEN %(param_1)s::INTEGER WHEN (imports.status IN (%(status_2_1)s, %(status_2_2)s)) THEN %(param_2)s::INTEGER ELSE %(param_3)s::INTEGER END, imports.created_at DESC 
 LIMIT %(param_4)s::INTEGER OFFSET %(param_5)s::INTEGER]
[parameters: {'param_1': 0, 'param_2': 1, 'param_3': 2, 'param_4': 50, 'param_5': 0, 'status_1_1': 'profile_ready', 'status_1_2': 'mapping_review', 'status_1_3': 'failed', 'status_2_1': 'mapping_generating', 'status_2_2': 'importing'}]
(Background on this error at: https://sqlalche.me/e/20/f405)
2026-08-30 17:59:32,975 ERROR    app.main unhandled error on GET /api/analysis/runs: (psycopg.errors.UndefinedColumn) column analysis_runs.import_id does not exist
LINE 1: ...ns.prompt_version, analysis_runs.embedding_model, analysis_r...
                                                             ^
[SQL: SELECT analysis_runs.id, analysis_runs.pipeline_version, analysis_runs.llm_model, analysis_runs.prompt_version, analysis_runs.embedding_model, analysis_runs.import_id, analysis_runs.mode, analysis_runs.chunk_size, analysis_runs.failed_count, analysis_runs.cancel_requested_at, analysis_runs.started_at, analysis_runs.completed_at, analysis_runs.status, analysis_runs.processed_count, analysis_runs.total_count, analysis_runs.error 
FROM analysis_runs ORDER BY analysis_runs.started_at DESC 
 LIMIT %(param_1)s::INTEGER]
[parameters: {'param_1': 50}]
(Background on this error at: https://sqlalche.me/e/20/f405)
ERROR:    Exception in ASGI application
Traceback (most recent call last):
  File "D:\AITHUCCHIEN\11236199-LeDangTan-Happynest-Thesis\backend\.venv\Lib\site-packages\sqlalchemy\engine\base.py", line 1969, in _exec_single_context
    self.dialect.do_execute(
  File "D:\AITHUCCHIEN\11236199-LeDangTan-Happynest-Thesis\backend\.venv\Lib\site-packages\sqlalchemy\engine\default.py", line 952, in do_execute
    cursor.execute(statement, parameters)
  File "D:\AITHUCCHIEN\11236199-LeDangTan-Happynest-Thesis\backend\.venv\Lib\site-packages\psycopg\cursor.py", line 117, in execute
    raise ex.with_traceback(None)
psycopg.errors.UndefinedColumn: column analysis_runs.import_id does not exist
LINE 1: ...ns.prompt_version, analysis_runs.embedding_model, analysis_r...
                                                             ^

The above exception was the direct cause of the following exception:

Traceback (most recent call last):
  File "D:\AITHUCCHIEN\11236199-LeDangTan-Happynest-Thesis\backend\.venv\Lib\site-packages\uvicorn\protocols\http\h11_impl.py", line 416, in run_asgi
    result = await app(  # type: ignore[func-returns-value]
             ^^^^^^^^^^^^^^^^^^^^^^^^^^^^^^^^^^^^^^^^^^^^^^
  File "D:\AITHUCCHIEN\11236199-LeDangTan-Happynest-Thesis\backend\.venv\Lib\site-packages\uvicorn\middleware\proxy_headers.py", line 63, in __call__
    return await self.app(scope, receive, send)
           ^^^^^^^^^^^^^^^^^^^^^^^^^^^^^^^^^^^^
  File "D:\AITHUCCHIEN\11236199-LeDangTan-Happynest-Thesis\backend\.venv\Lib\site-packages\fastapi\applications.py", line 1163, in __call__
    await super().__call__(scope, receive, send)
  File "D:\AITHUCCHIEN\11236199-LeDangTan-Happynest-Thesis\backend\.venv\Lib\site-packages\starlette\applications.py", line 96, in __call__
    await self.middleware_stack(scope, receive, send)
  File "D:\AITHUCCHIEN\11236199-LeDangTan-Happynest-Thesis\backend\.venv\Lib\site-packages\starlette\middleware\errors.py", line 186, in __call__
    raise exc
  File "D:\AITHUCCHIEN\11236199-LeDangTan-Happynest-Thesis\backend\.venv\Lib\site-packages\starlette\middleware\errors.py", line 164, in __call__
    await self.app(scope, receive, _send)
  File "D:\AITHUCCHIEN\11236199-LeDangTan-Happynest-Thesis\backend\.venv\Lib\site-packages\starlette\middleware\cors.py", line 88, in __call__
    await self.app(scope, receive, send)
  File "D:\AITHUCCHIEN\11236199-LeDangTan-Happynest-Thesis\backend\.venv\Lib\site-packages\starlette\middleware\exceptions.py", line 63, in __call__
    await wrap_app_handling_exceptions(self.app, conn)(scope, receive, send)
  File "D:\AITHUCCHIEN\11236199-LeDangTan-Happynest-Thesis\backend\.venv\Lib\site-packages\starlette\_exception_handler.py", line 53, in wrapped_app
    raise exc
  File "D:\AITHUCCHIEN\11236199-LeDangTan-Happynest-Thesis\backend\.venv\Lib\site-packages\starlette\_exception_handler.py", line 42, in wrapped_app
    await app(scope, receive, sender)
  File "D:\AITHUCCHIEN\11236199-LeDangTan-Happynest-Thesis\backend\.venv\Lib\site-packages\fastapi\middleware\asyncexitstack.py", line 18, in __call__
    await self.app(scope, receive, send)
  File "D:\AITHUCCHIEN\11236199-LeDangTan-Happynest-Thesis\backend\.venv\Lib\site-packages\starlette\routing.py", line 670, in __call__
    await self.middleware_stack(scope, receive, send)
  File "D:\AITHUCCHIEN\11236199-LeDangTan-Happynest-Thesis\backend\.venv\Lib\site-packages\fastapi\routing.py", line 2734, in app
    await route.handle(scope, receive, send)
  File "D:\AITHUCCHIEN\11236199-LeDangTan-Happynest-Thesis\backend\.venv\Lib\site-packages\fastapi\routing.py", line 1780, in handle
    await self.original_router.handle(scope, receive, send)
  File "D:\AITHUCCHIEN\11236199-LeDangTan-Happynest-Thesis\backend\.venv\Lib\site-packages\fastapi\routing.py", line 2789, in handle
    await included_router._handle_selected(scope, receive, send)
  File "D:\AITHUCCHIEN\11236199-LeDangTan-Happynest-Thesis\backend\.venv\Lib\site-packages\fastapi\routing.py", line 1800, in _handle_selected
    await original_route.handle(scope, receive, send)
  File "D:\AITHUCCHIEN\11236199-LeDangTan-Happynest-Thesis\backend\.venv\Lib\site-packages\fastapi\routing.py", line 1279, in handle
    await app(scope, receive, send)
  File "D:\AITHUCCHIEN\11236199-LeDangTan-Happynest-Thesis\backend\.venv\Lib\site-packages\fastapi\routing.py", line 158, in app
    await wrap_app_handling_exceptions(app, request)(scope, receive, send)
  File "D:\AITHUCCHIEN\11236199-LeDangTan-Happynest-Thesis\backend\.venv\Lib\site-packages\starlette\_exception_handler.py", line 53, in wrapped_app
    raise exc
  File "D:\AITHUCCHIEN\11236199-LeDangTan-Happynest-Thesis\backend\.venv\Lib\site-packages\starlette\_exception_handler.py", line 42, in wrapped_app
    await app(scope, receive, sender)
  File "D:\AITHUCCHIEN\11236199-LeDangTan-Happynest-Thesis\backend\.venv\Lib\site-packages\fastapi\routing.py", line 144, in app
    response = await f(request)
               ^^^^^^^^^^^^^^^^
  File "D:\AITHUCCHIEN\11236199-LeDangTan-Happynest-Thesis\backend\.venv\Lib\site-packages\fastapi\routing.py", line 706, in app
    raw_response = await run_endpoint_function(
                   ^^^^^^^^^^^^^^^^^^^^^^^^^^^^
  File "D:\AITHUCCHIEN\11236199-LeDangTan-Happynest-Thesis\backend\.venv\Lib\site-packages\fastapi\routing.py", line 354, in run_endpoint_function
    return await run_in_threadpool(dependant.call, **values)
           ^^^^^^^^^^^^^^^^^^^^^^^^^^^^^^^^^^^^^^^^^^^^^^^^^
  File "D:\AITHUCCHIEN\11236199-LeDangTan-Happynest-Thesis\backend\.venv\Lib\site-packages\starlette\concurrency.py", line 34, in run_in_threadpool
    return await anyio.to_thread.run_sync(func)
           ^^^^^^^^^^^^^^^^^^^^^^^^^^^^^^^^^^^^
  File "D:\AITHUCCHIEN\11236199-LeDangTan-Happynest-Thesis\backend\.venv\Lib\site-packages\anyio\to_thread.py", line 65, in run_sync
    return await get_async_backend().run_sync_in_worker_thread(
           ^^^^^^^^^^^^^^^^^^^^^^^^^^^^^^^^^^^^^^^^^^^^^^^^^^^^
  File "D:\AITHUCCHIEN\11236199-LeDangTan-Happynest-Thesis\backend\.venv\Lib\site-packages\anyio\_backends\_asyncio.py", line 2641, in run_sync_in_worker_thread
    return await future
           ^^^^^^^^^^^^
  File "D:\AITHUCCHIEN\11236199-LeDangTan-Happynest-Thesis\backend\.venv\Lib\site-packages\anyio\_backends\_asyncio.py", line 1033, in run
    result = context.run(func, *args)
             ^^^^^^^^^^^^^^^^^^^^^^^^
  File "D:\AITHUCCHIEN\11236199-LeDangTan-Happynest-Thesis\backend\app\api\routes\analysis.py", line 117, in list_analysis_runs
    rows = session.scalars(
           ^^^^^^^^^^^^^^^^
  File "D:\AITHUCCHIEN\11236199-LeDangTan-Happynest-Thesis\backend\.venv\Lib\site-packages\sqlalchemy\orm\session.py", line 2481, in scalars
    return self._execute_internal(
           ^^^^^^^^^^^^^^^^^^^^^^^
  File "D:\AITHUCCHIEN\11236199-LeDangTan-Happynest-Thesis\backend\.venv\Lib\site-packages\sqlalchemy\orm\session.py", line 2271, in _execute_internal
    result: Result[Any] = compile_state_cls.orm_execute_statement(
                          ^^^^^^^^^^^^^^^^^^^^^^^^^^^^^^^^^^^^^^^^
  File "D:\AITHUCCHIEN\11236199-LeDangTan-Happynest-Thesis\backend\.venv\Lib\site-packages\sqlalchemy\orm\context.py", line 306, in orm_execute_statement
    result = conn.execute(
             ^^^^^^^^^^^^^
  File "D:\AITHUCCHIEN\11236199-LeDangTan-Happynest-Thesis\backend\.venv\Lib\site-packages\sqlalchemy\engine\base.py", line 1421, in execute
    return meth(
           ^^^^^
  File "D:\AITHUCCHIEN\11236199-LeDangTan-Happynest-Thesis\backend\.venv\Lib\site-packages\sqlalchemy\sql\elements.py", line 526, in _execute_on_connection
    return connection._execute_clauseelement(
           ^^^^^^^^^^^^^^^^^^^^^^^^^^^^^^^^^^
  File "D:\AITHUCCHIEN\11236199-LeDangTan-Happynest-Thesis\backend\.venv\Lib\site-packages\sqlalchemy\engine\base.py", line 1643, in _execute_clauseelement
    ret = self._execute_context(
          ^^^^^^^^^^^^^^^^^^^^^^
  File "D:\AITHUCCHIEN\11236199-LeDangTan-Happynest-Thesis\backend\.venv\Lib\site-packages\sqlalchemy\engine\base.py", line 1848, in _execute_context
    return self._exec_single_context(
           ^^^^^^^^^^^^^^^^^^^^^^^^^^
  File "D:\AITHUCCHIEN\11236199-LeDangTan-Happynest-Thesis\backend\.venv\Lib\site-packages\sqlalchemy\engine\base.py", line 1988, in _exec_single_context
    self._handle_dbapi_exception(
  File "D:\AITHUCCHIEN\11236199-LeDangTan-Happynest-Thesis\backend\.venv\Lib\site-packages\sqlalchemy\engine\base.py", line 2365, in _handle_dbapi_exception
    raise sqlalchemy_exception.with_traceback(exc_info[2]) from e
  File "D:\AITHUCCHIEN\11236199-LeDangTan-Happynest-Thesis\backend\.venv\Lib\site-packages\sqlalchemy\engine\base.py", line 1969, in _exec_single_context
    self.dialect.do_execute(
  File "D:\AITHUCCHIEN\11236199-LeDangTan-Happynest-Thesis\backend\.venv\Lib\site-packages\sqlalchemy\engine\default.py", line 952, in do_execute
    cursor.execute(statement, parameters)
  File "D:\AITHUCCHIEN\11236199-LeDangTan-Happynest-Thesis\backend\.venv\Lib\site-packages\psycopg\cursor.py", line 117, in execute
    raise ex.with_traceback(None)
sqlalchemy.exc.ProgrammingError: (psycopg.errors.UndefinedColumn) column analysis_runs.import_id does not exist
LINE 1: ...ns.prompt_version, analysis_runs.embedding_model, analysis_r...
                                                             ^
[SQL: SELECT analysis_runs.id, analysis_runs.pipeline_version, analysis_runs.llm_model, analysis_runs.prompt_version, analysis_runs.embedding_model, analysis_runs.import_id, analysis_runs.mode, analysis_runs.chunk_size, analysis_runs.failed_count, analysis_runs.cancel_requested_at, analysis_runs.started_at, analysis_runs.completed_at, analysis_runs.status, analysis_runs.processed_count, analysis_runs.total_count, analysis_runs.error 
FROM analysis_runs ORDER BY analysis_runs.started_at DESC 
 LIMIT %(param_1)s::INTEGER]
[parameters: {'param_1': 50}]
(Background on this error at: https://sqlalche.me/e/20/f405)
WARNING:  StatReload detected changes in 'tests\test_imports_listen.py'. Reloading...
INFO:     Shutting down
INFO:     Waiting for connections to close. (CTRL+C to force quit)
INFO:     Waiting for background tasks to complete. (CTRL+C to force quit)
INFO:     Waiting for application shutdown.
INFO:     Application shutdown complete.
INFO:     Finished server process [16820]
INFO:     Started server process [45108]
INFO:     Waiting for application startup.
2026-08-30 18:10:18,771 INFO     presidio-analyzer Loaded recognizer: EmailRecognizer
2026-08-30 18:10:18,773 INFO     presidio-analyzer Loaded recognizer: UrlRecognizer
2026-08-30 18:10:18,773 INFO     presidio-analyzer Loaded recognizer: IpRecognizer
2026-08-30 18:10:18,774 INFO     presidio-analyzer Loaded recognizer: VN Email Recognizer
2026-08-30 18:10:18,774 INFO     presidio-analyzer Loaded recognizer: VN Phone Recognizer
2026-08-30 18:10:18,775 INFO     presidio-analyzer Loaded recognizer: VN CCCD Recognizer
2026-08-30 18:10:18 INFO: Checking for updates to resources.json in case models have been updated.  Note: this behavior can be turned off with download_method=None or download_method=DownloadMethod.REUSE_RESOURCES
2026-08-30 18:10:18,979 INFO     stanza Checking for updates to resources.json in case models have been updated.  Note: this behavior can be turned off with download_method=None or download_method=DownloadMethod.REUSE_RESOURCES
Downloading https://raw.githubusercontent.com/stanfordnlp/stanza-resources/main/resources_1.14.0.json:   0%|          | 0.00/56.4k [00:00<?, ?B/s]Downloading https://raw.githubusercontent.com/stanfordnlp/stanza-resources/main/resources_1.14.0.json: 131kB [00:00, 531kB/s]                     Downloading https://raw.githubusercontent.com/stanfordnlp/stanza-resources/main/resources_1.14.0.json: 457kB [00:00, 1.83MB/s]
2026-08-30 18:10:20 INFO: Downloaded file to C:\Users\ADMIN\AppData\Local\StanfordNLP\stanza\Cache\1.14.0\resources\resources.json
2026-08-30 18:10:20,307 INFO     stanza Downloaded file to C:\Users\ADMIN\AppData\Local\StanfordNLP\stanza\Cache\1.14.0\resources\resources.json
2026-08-30 18:10:21 INFO: Loading these models for language: vi (Vietnamese):
==========================
| Processor | Package    |
--------------------------
| tokenize  | vtb        |
| pos       | vtb_charlm |
| lemma     | identity   |
| ner       | vlsp       |
==========================

2026-08-30 18:10:21,462 INFO     stanza Loading these models for language: vi (Vietnamese):
==========================
| Processor | Package    |
--------------------------
| tokenize  | vtb        |
| pos       | vtb_charlm |
| lemma     | identity   |
| ner       | vlsp       |
==========================

2026-08-30 18:10:21 INFO: Using device: cpu
2026-08-30 18:10:21,464 INFO     stanza Using device: cpu
2026-08-30 18:10:21 INFO: Loading: tokenize
2026-08-30 18:10:21,465 INFO     stanza Loading: tokenize
2026-08-30 18:10:29 INFO: Loading: pos
2026-08-30 18:10:29,047 INFO     stanza Loading: pos
2026-08-30 18:10:33 INFO: Loading: lemma
2026-08-30 18:10:33,580 INFO     stanza Loading: lemma
2026-08-30 18:10:33 INFO: Loading: ner
2026-08-30 18:10:33,590 INFO     stanza Loading: ner
2026-08-30 18:10:38 INFO: Done loading processors!
2026-08-30 18:10:38,612 INFO     stanza Done loading processors!
2026-08-30 18:10:38 INFO: Checking for updates to resources.json in case models have been updated.  Note: this behavior can be turned off with download_method=None or download_method=DownloadMethod.REUSE_RESOURCES
2026-08-30 18:10:38,684 INFO     stanza Checking for updates to resources.json in case models have been updated.  Note: this behavior can be turned off with download_method=None or download_method=DownloadMethod.REUSE_RESOURCES
Downloading https://raw.githubusercontent.com/stanfordnlp/stanza-resources/main/resources_1.14.0.json:   0%|          | 0.00/56.4k [00:00<?, ?B/s]Downloading https://raw.githubusercontent.com/stanfordnlp/stanza-resources/main/resources_1.14.0.json: 131kB [00:00, 508kB/s]                     Downloading https://raw.githubusercontent.com/stanfordnlp/stanza-resources/main/resources_1.14.0.json: 457kB [00:00, 1.74MB/s]
2026-08-30 18:10:39 INFO: Downloaded file to C:\Users\ADMIN\AppData\Local\StanfordNLP\stanza\Cache\1.14.0\resources\resources.json
2026-08-30 18:10:39,869 INFO     stanza Downloaded file to C:\Users\ADMIN\AppData\Local\StanfordNLP\stanza\Cache\1.14.0\resources\resources.json
2026-08-30 18:10:39 WARNING: Language en package default expects mwt, which has been added
2026-08-30 18:10:39,903 WARNING  stanza Language en package default expects mwt, which has been added
2026-08-30 18:10:41 INFO: Loading these models for language: en (English):
=========================================
| Processor | Package                   |
-----------------------------------------
| tokenize  | combined_nocharlm         |
| mwt       | combined                  |
| pos       | combined_charlm           |
| lemma     | combined_nocharlm         |
| ner       | ontonotes-ww-multi_charlm |
=========================================

2026-08-30 18:10:41,168 INFO     stanza Loading these models for language: en (English):
=========================================
| Processor | Package                   |
-----------------------------------------
| tokenize  | combined_nocharlm         |
| mwt       | combined                  |
| pos       | combined_charlm           |
| lemma     | combined_nocharlm         |
| ner       | ontonotes-ww-multi_charlm |
=========================================

2026-08-30 18:10:41 INFO: Using device: cpu
2026-08-30 18:10:41,170 INFO     stanza Using device: cpu
2026-08-30 18:10:41 INFO: Loading: tokenize
2026-08-30 18:10:41,170 INFO     stanza Loading: tokenize
2026-08-30 18:10:41 INFO: Loading: mwt
2026-08-30 18:10:41,196 INFO     stanza Loading: mwt
2026-08-30 18:10:41 INFO: Loading: pos
2026-08-30 18:10:41,233 INFO     stanza Loading: pos
2026-08-30 18:10:45 INFO: Loading: lemma
2026-08-30 18:10:45,967 INFO     stanza Loading: lemma
2026-08-30 18:10:46 INFO: Loading: ner
2026-08-30 18:10:46,031 INFO     stanza Loading: ner
2026-08-30 18:10:51 INFO: Done loading processors!
2026-08-30 18:10:51,592 INFO     stanza Done loading processors!
2026-08-30 18:10:51,599 INFO     presidio-analyzer Created NLP engine: stanza. Loaded models: ['vi', 'en']
2026-08-30 18:10:51,599 INFO     presidio-analyzer Loaded recognizer: Stanza Vi PERSON
INFO:     Application startup complete.
2026-08-30 18:10:53,357 INFO     app.services.graph_runtime checkpoint saver setup OK (bảng checkpoint sẵn sàng)
WARNING:  StatReload detected changes in 'tests\test_classifier_idempotency.py'. Reloading...
2026-08-30 21:10:49,635 ERROR    app.main unhandled error on GET /api/imports: (psycopg.OperationalError) consuming input failed: server closed the connection unexpectedly
	This probably means the server terminated abnormally
	before or while processing the request.
server closed the connection unexpectedly
	This probably means the server terminated abnormally
	before or while processing the request.
[SQL: SELECT users.id AS users_id, users.email AS users_email, users.password_hash AS users_password_hash, users.role AS users_role, users.created_at AS users_created_at 
FROM users 
WHERE users.id = %(pk_1)s::UUID]
[parameters: {'pk_1': UUID('a87ca628-fc6c-4b6d-98ca-62ff0ef86ade')}]
(Background on this error at: https://sqlalche.me/e/20/e3q8)
ERROR:    Exception in ASGI application
Traceback (most recent call last):
  File "D:\AITHUCCHIEN\11236199-LeDangTan-Happynest-Thesis\backend\.venv\Lib\site-packages\sqlalchemy\engine\base.py", line 1969, in _exec_single_context
    self.dialect.do_execute(
  File "D:\AITHUCCHIEN\11236199-LeDangTan-Happynest-Thesis\backend\.venv\Lib\site-packages\sqlalchemy\engine\default.py", line 952, in do_execute
    cursor.execute(statement, parameters)
  File "D:\AITHUCCHIEN\11236199-LeDangTan-Happynest-Thesis\backend\.venv\Lib\site-packages\psycopg\cursor.py", line 117, in execute
    raise ex.with_traceback(None)
psycopg.OperationalError: consuming input failed: server closed the connection unexpectedly
	This probably means the server terminated abnormally
	before or while processing the request.
server closed the connection unexpectedly
	This probably means the server terminated abnormally
	before or while processing the request.

The above exception was the direct cause of the following exception:

Traceback (most recent call last):
  File "D:\AITHUCCHIEN\11236199-LeDangTan-Happynest-Thesis\backend\.venv\Lib\site-packages\uvicorn\protocols\http\h11_impl.py", line 416, in run_asgi
    result = await app(  # type: ignore[func-returns-value]
             ^^^^^^^^^^^^^^^^^^^^^^^^^^^^^^^^^^^^^^^^^^^^^^
  File "D:\AITHUCCHIEN\11236199-LeDangTan-Happynest-Thesis\backend\.venv\Lib\site-packages\uvicorn\middleware\proxy_headers.py", line 63, in __call__
    return await self.app(scope, receive, send)
           ^^^^^^^^^^^^^^^^^^^^^^^^^^^^^^^^^^^^
  File "D:\AITHUCCHIEN\11236199-LeDangTan-Happynest-Thesis\backend\.venv\Lib\site-packages\fastapi\applications.py", line 1163, in __call__
    await super().__call__(scope, receive, send)
  File "D:\AITHUCCHIEN\11236199-LeDangTan-Happynest-Thesis\backend\.venv\Lib\site-packages\starlette\applications.py", line 96, in __call__
    await self.middleware_stack(scope, receive, send)
  File "D:\AITHUCCHIEN\11236199-LeDangTan-Happynest-Thesis\backend\.venv\Lib\site-packages\starlette\middleware\errors.py", line 186, in __call__
    raise exc
  File "D:\AITHUCCHIEN\11236199-LeDangTan-Happynest-Thesis\backend\.venv\Lib\site-packages\starlette\middleware\errors.py", line 164, in __call__
    await self.app(scope, receive, _send)
  File "D:\AITHUCCHIEN\11236199-LeDangTan-Happynest-Thesis\backend\.venv\Lib\site-packages\starlette\middleware\cors.py", line 88, in __call__
    await self.app(scope, receive, send)
  File "D:\AITHUCCHIEN\11236199-LeDangTan-Happynest-Thesis\backend\.venv\Lib\site-packages\starlette\middleware\exceptions.py", line 63, in __call__
    await wrap_app_handling_exceptions(self.app, conn)(scope, receive, send)
  File "D:\AITHUCCHIEN\11236199-LeDangTan-Happynest-Thesis\backend\.venv\Lib\site-packages\starlette\_exception_handler.py", line 53, in wrapped_app
    raise exc
  File "D:\AITHUCCHIEN\11236199-LeDangTan-Happynest-Thesis\backend\.venv\Lib\site-packages\starlette\_exception_handler.py", line 42, in wrapped_app
    await app(scope, receive, sender)
  File "D:\AITHUCCHIEN\11236199-LeDangTan-Happynest-Thesis\backend\.venv\Lib\site-packages\fastapi\middleware\asyncexitstack.py", line 18, in __call__
    await self.app(scope, receive, send)
  File "D:\AITHUCCHIEN\11236199-LeDangTan-Happynest-Thesis\backend\.venv\Lib\site-packages\starlette\routing.py", line 670, in __call__
    await self.middleware_stack(scope, receive, send)
  File "D:\AITHUCCHIEN\11236199-LeDangTan-Happynest-Thesis\backend\.venv\Lib\site-packages\fastapi\routing.py", line 2734, in app
    await route.handle(scope, receive, send)
  File "D:\AITHUCCHIEN\11236199-LeDangTan-Happynest-Thesis\backend\.venv\Lib\site-packages\fastapi\routing.py", line 1780, in handle
    await self.original_router.handle(scope, receive, send)
  File "D:\AITHUCCHIEN\11236199-LeDangTan-Happynest-Thesis\backend\.venv\Lib\site-packages\fastapi\routing.py", line 2789, in handle
    await included_router._handle_selected(scope, receive, send)
  File "D:\AITHUCCHIEN\11236199-LeDangTan-Happynest-Thesis\backend\.venv\Lib\site-packages\fastapi\routing.py", line 1800, in _handle_selected
    await original_route.handle(scope, receive, send)
  File "D:\AITHUCCHIEN\11236199-LeDangTan-Happynest-Thesis\backend\.venv\Lib\site-packages\fastapi\routing.py", line 1279, in handle
    await app(scope, receive, send)
  File "D:\AITHUCCHIEN\11236199-LeDangTan-Happynest-Thesis\backend\.venv\Lib\site-packages\fastapi\routing.py", line 158, in app
    await wrap_app_handling_exceptions(app, request)(scope, receive, send)
  File "D:\AITHUCCHIEN\11236199-LeDangTan-Happynest-Thesis\backend\.venv\Lib\site-packages\starlette\_exception_handler.py", line 53, in wrapped_app
    raise exc
  File "D:\AITHUCCHIEN\11236199-LeDangTan-Happynest-Thesis\backend\.venv\Lib\site-packages\starlette\_exception_handler.py", line 42, in wrapped_app
    await app(scope, receive, sender)
  File "D:\AITHUCCHIEN\11236199-LeDangTan-Happynest-Thesis\backend\.venv\Lib\site-packages\fastapi\routing.py", line 144, in app
    response = await f(request)
               ^^^^^^^^^^^^^^^^
  File "D:\AITHUCCHIEN\11236199-LeDangTan-Happynest-Thesis\backend\.venv\Lib\site-packages\fastapi\routing.py", line 481, in app
    solved_result = await solve_dependencies(
                    ^^^^^^^^^^^^^^^^^^^^^^^^^
  File "D:\AITHUCCHIEN\11236199-LeDangTan-Happynest-Thesis\backend\.venv\Lib\site-packages\fastapi\dependencies\utils.py", line 640, in solve_dependencies
    solved_result = await solve_dependencies(
                    ^^^^^^^^^^^^^^^^^^^^^^^^^
  File "D:\AITHUCCHIEN\11236199-LeDangTan-Happynest-Thesis\backend\.venv\Lib\site-packages\fastapi\dependencies\utils.py", line 676, in solve_dependencies
    solved = await run_in_threadpool(call, **solved_result.values)
             ^^^^^^^^^^^^^^^^^^^^^^^^^^^^^^^^^^^^^^^^^^^^^^^^^^^^^
  File "D:\AITHUCCHIEN\11236199-LeDangTan-Happynest-Thesis\backend\.venv\Lib\site-packages\starlette\concurrency.py", line 34, in run_in_threadpool
    return await anyio.to_thread.run_sync(func)
           ^^^^^^^^^^^^^^^^^^^^^^^^^^^^^^^^^^^^
  File "D:\AITHUCCHIEN\11236199-LeDangTan-Happynest-Thesis\backend\.venv\Lib\site-packages\anyio\to_thread.py", line 65, in run_sync
    return await get_async_backend().run_sync_in_worker_thread(
           ^^^^^^^^^^^^^^^^^^^^^^^^^^^^^^^^^^^^^^^^^^^^^^^^^^^^
  File "D:\AITHUCCHIEN\11236199-LeDangTan-Happynest-Thesis\backend\.venv\Lib\site-packages\anyio\_backends\_asyncio.py", line 2641, in run_sync_in_worker_thread
    return await future
           ^^^^^^^^^^^^
  File "D:\AITHUCCHIEN\11236199-LeDangTan-Happynest-Thesis\backend\.venv\Lib\site-packages\anyio\_backends\_asyncio.py", line 1033, in run
    result = context.run(func, *args)
             ^^^^^^^^^^^^^^^^^^^^^^^^
  File "D:\AITHUCCHIEN\11236199-LeDangTan-Happynest-Thesis\backend\app\api\deps.py", line 64, in get_current_user
    user = db.get(User, user_id)
           ^^^^^^^^^^^^^^^^^^^^^
  File "D:\AITHUCCHIEN\11236199-LeDangTan-Happynest-Thesis\backend\.venv\Lib\site-packages\sqlalchemy\orm\session.py", line 3702, in get
    return self._get_impl(
           ^^^^^^^^^^^^^^^
  File "D:\AITHUCCHIEN\11236199-LeDangTan-Happynest-Thesis\backend\.venv\Lib\site-packages\sqlalchemy\orm\session.py", line 3881, in _get_impl
    return db_load_fn(
           ^^^^^^^^^^^
  File "D:\AITHUCCHIEN\11236199-LeDangTan-Happynest-Thesis\backend\.venv\Lib\site-packages\sqlalchemy\orm\loading.py", line 695, in load_on_pk_identity
    session.execute(
  File "D:\AITHUCCHIEN\11236199-LeDangTan-Happynest-Thesis\backend\.venv\Lib\site-packages\sqlalchemy\orm\session.py", line 2373, in execute
    return self._execute_internal(
           ^^^^^^^^^^^^^^^^^^^^^^^
  File "D:\AITHUCCHIEN\11236199-LeDangTan-Happynest-Thesis\backend\.venv\Lib\site-packages\sqlalchemy\orm\session.py", line 2271, in _execute_internal
    result: Result[Any] = compile_state_cls.orm_execute_statement(
                          ^^^^^^^^^^^^^^^^^^^^^^^^^^^^^^^^^^^^^^^^
  File "D:\AITHUCCHIEN\11236199-LeDangTan-Happynest-Thesis\backend\.venv\Lib\site-packages\sqlalchemy\orm\context.py", line 306, in orm_execute_statement
    result = conn.execute(
             ^^^^^^^^^^^^^
  File "D:\AITHUCCHIEN\11236199-LeDangTan-Happynest-Thesis\backend\.venv\Lib\site-packages\sqlalchemy\engine\base.py", line 1421, in execute
    return meth(
           ^^^^^
  File "D:\AITHUCCHIEN\11236199-LeDangTan-Happynest-Thesis\backend\.venv\Lib\site-packages\sqlalchemy\sql\elements.py", line 526, in _execute_on_connection
    return connection._execute_clauseelement(
           ^^^^^^^^^^^^^^^^^^^^^^^^^^^^^^^^^^
  File "D:\AITHUCCHIEN\11236199-LeDangTan-Happynest-Thesis\backend\.venv\Lib\site-packages\sqlalchemy\engine\base.py", line 1643, in _execute_clauseelement
    ret = self._execute_context(
          ^^^^^^^^^^^^^^^^^^^^^^
  File "D:\AITHUCCHIEN\11236199-LeDangTan-Happynest-Thesis\backend\.venv\Lib\site-packages\sqlalchemy\engine\base.py", line 1848, in _execute_context
    return self._exec_single_context(
           ^^^^^^^^^^^^^^^^^^^^^^^^^^
  File "D:\AITHUCCHIEN\11236199-LeDangTan-Happynest-Thesis\backend\.venv\Lib\site-packages\sqlalchemy\engine\base.py", line 1988, in _exec_single_context
    self._handle_dbapi_exception(
  File "D:\AITHUCCHIEN\11236199-LeDangTan-Happynest-Thesis\backend\.venv\Lib\site-packages\sqlalchemy\engine\base.py", line 2365, in _handle_dbapi_exception
    raise sqlalchemy_exception.with_traceback(exc_info[2]) from e
  File "D:\AITHUCCHIEN\11236199-LeDangTan-Happynest-Thesis\backend\.venv\Lib\site-packages\sqlalchemy\engine\base.py", line 1969, in _exec_single_context
    self.dialect.do_execute(
  File "D:\AITHUCCHIEN\11236199-LeDangTan-Happynest-Thesis\backend\.venv\Lib\site-packages\sqlalchemy\engine\default.py", line 952, in do_execute
    cursor.execute(statement, parameters)
  File "D:\AITHUCCHIEN\11236199-LeDangTan-Happynest-Thesis\backend\.venv\Lib\site-packages\psycopg\cursor.py", line 117, in execute
    raise ex.with_traceback(None)
sqlalchemy.exc.OperationalError: (psycopg.OperationalError) consuming input failed: server closed the connection unexpectedly
	This probably means the server terminated abnormally
	before or while processing the request.
server closed the connection unexpectedly
	This probably means the server terminated abnormally
	before or while processing the request.
[SQL: SELECT users.id AS users_id, users.email AS users_email, users.password_hash AS users_password_hash, users.role AS users_role, users.created_at AS users_created_at 
FROM users 
WHERE users.id = %(pk_1)s::UUID]
[parameters: {'pk_1': UUID('a87ca628-fc6c-4b6d-98ca-62ff0ef86ade')}]
(Background on this error at: https://sqlalche.me/e/20/e3q8)
INFO:     Shutting down
INFO:     Waiting for connections to close. (CTRL+C to force quit)
INFO:     Waiting for background tasks to complete. (CTRL+C to force quit)
INFO:     Waiting for application shutdown.
INFO:     Application shutdown complete.
INFO:     Finished server process [45108]
INFO:     Started server process [17888]
INFO:     Waiting for application startup.
2026-08-30 21:11:32,068 INFO     presidio-analyzer Loaded recognizer: EmailRecognizer
2026-08-30 21:11:32,068 INFO     presidio-analyzer Loaded recognizer: UrlRecognizer
2026-08-30 21:11:32,069 INFO     presidio-analyzer Loaded recognizer: IpRecognizer
2026-08-30 21:11:32,069 INFO     presidio-analyzer Loaded recognizer: VN Email Recognizer
2026-08-30 21:11:32,070 INFO     presidio-analyzer Loaded recognizer: VN Phone Recognizer
2026-08-30 21:11:32,070 INFO     presidio-analyzer Loaded recognizer: VN CCCD Recognizer
2026-08-30 21:11:32 INFO: Checking for updates to resources.json in case models have been updated.  Note: this behavior can be turned off with download_method=None or download_method=DownloadMethod.REUSE_RESOURCES
2026-08-30 21:11:32,264 INFO     stanza Checking for updates to resources.json in case models have been updated.  Note: this behavior can be turned off with download_method=None or download_method=DownloadMethod.REUSE_RESOURCES
Downloading https://raw.githubusercontent.com/stanfordnlp/stanza-resources/main/resources_1.14.0.json:   0%|          | 0.00/56.4k [00:00<?, ?B/s]Downloading https://raw.githubusercontent.com/stanfordnlp/stanza-resources/main/resources_1.14.0.json: 131kB [00:00, 203kB/s]                     Downloading https://raw.githubusercontent.com/stanfordnlp/stanza-resources/main/resources_1.14.0.json: 457kB [00:00, 707kB/s]
2026-08-30 21:11:33 INFO: Downloaded file to C:\Users\ADMIN\AppData\Local\StanfordNLP\stanza\Cache\1.14.0\resources\resources.json
2026-08-30 21:11:33,959 INFO     stanza Downloaded file to C:\Users\ADMIN\AppData\Local\StanfordNLP\stanza\Cache\1.14.0\resources\resources.json
2026-08-30 21:11:35 INFO: Loading these models for language: vi (Vietnamese):
==========================
| Processor | Package    |
--------------------------
| tokenize  | vtb        |
| pos       | vtb_charlm |
| lemma     | identity   |
| ner       | vlsp       |
==========================

2026-08-30 21:11:35,363 INFO     stanza Loading these models for language: vi (Vietnamese):
==========================
| Processor | Package    |
--------------------------
| tokenize  | vtb        |
| pos       | vtb_charlm |
| lemma     | identity   |
| ner       | vlsp       |
==========================

2026-08-30 21:11:35 INFO: Using device: cpu
2026-08-30 21:11:35,365 INFO     stanza Using device: cpu
2026-08-30 21:11:35 INFO: Loading: tokenize
2026-08-30 21:11:35,366 INFO     stanza Loading: tokenize
2026-08-30 21:11:45 INFO: Loading: pos
2026-08-30 21:11:45,909 INFO     stanza Loading: pos
2026-08-30 21:11:52 INFO: Loading: lemma
2026-08-30 21:11:52,455 INFO     stanza Loading: lemma
2026-08-30 21:11:52 INFO: Loading: ner
2026-08-30 21:11:52,456 INFO     stanza Loading: ner
2026-08-30 21:12:00 INFO: Done loading processors!
2026-08-30 21:12:00,694 INFO     stanza Done loading processors!
2026-08-30 21:12:00 INFO: Checking for updates to resources.json in case models have been updated.  Note: this behavior can be turned off with download_method=None or download_method=DownloadMethod.REUSE_RESOURCES
2026-08-30 21:12:00,784 INFO     stanza Checking for updates to resources.json in case models have been updated.  Note: this behavior can be turned off with download_method=None or download_method=DownloadMethod.REUSE_RESOURCES
Downloading https://raw.githubusercontent.com/stanfordnlp/stanza-resources/main/resources_1.14.0.json:   0%|          | 0.00/56.4k [00:00<?, ?B/s]Downloading https://raw.githubusercontent.com/stanfordnlp/stanza-resources/main/resources_1.14.0.json: 131kB [00:00, 1.19MB/s]                    Downloading https://raw.githubusercontent.com/stanfordnlp/stanza-resources/main/resources_1.14.0.json: 457kB [00:00, 3.98MB/s]
2026-08-30 21:12:02 INFO: Downloaded file to C:\Users\ADMIN\AppData\Local\StanfordNLP\stanza\Cache\1.14.0\resources\resources.json
2026-08-30 21:12:02,316 INFO     stanza Downloaded file to C:\Users\ADMIN\AppData\Local\StanfordNLP\stanza\Cache\1.14.0\resources\resources.json
2026-08-30 21:12:02 WARNING: Language en package default expects mwt, which has been added
2026-08-30 21:12:02,344 WARNING  stanza Language en package default expects mwt, which has been added
2026-08-30 21:12:04 INFO: Loading these models for language: en (English):
=========================================
| Processor | Package                   |
-----------------------------------------
| tokenize  | combined_nocharlm         |
| mwt       | combined                  |
| pos       | combined_charlm           |
| lemma     | combined_nocharlm         |
| ner       | ontonotes-ww-multi_charlm |
=========================================

2026-08-30 21:12:04,742 INFO     stanza Loading these models for language: en (English):
=========================================
| Processor | Package                   |
-----------------------------------------
| tokenize  | combined_nocharlm         |
| mwt       | combined                  |
| pos       | combined_charlm           |
| lemma     | combined_nocharlm         |
| ner       | ontonotes-ww-multi_charlm |
=========================================

2026-08-30 21:12:04 INFO: Using device: cpu
2026-08-30 21:12:04,750 INFO     stanza Using device: cpu
2026-08-30 21:12:04 INFO: Loading: tokenize
2026-08-30 21:12:04,751 INFO     stanza Loading: tokenize
2026-08-30 21:12:04 INFO: Loading: mwt
2026-08-30 21:12:04,784 INFO     stanza Loading: mwt
2026-08-30 21:12:04 INFO: Loading: pos
2026-08-30 21:12:04,843 INFO     stanza Loading: pos
2026-08-30 21:12:11 INFO: Loading: lemma
2026-08-30 21:12:11,662 INFO     stanza Loading: lemma
2026-08-30 21:12:11 INFO: Loading: ner
2026-08-30 21:12:11,740 INFO     stanza Loading: ner
2026-08-30 21:12:20 INFO: Done loading processors!
2026-08-30 21:12:20,486 INFO     stanza Done loading processors!
2026-08-30 21:12:20,494 INFO     presidio-analyzer Created NLP engine: stanza. Loaded models: ['vi', 'en']
2026-08-30 21:12:20,494 INFO     presidio-analyzer Loaded recognizer: Stanza Vi PERSON
INFO:     Application startup complete.
2026-08-30 21:12:23,898 INFO     app.services.graph_runtime checkpoint saver setup OK (bảng checkpoint sẵn sàng)
